"Longitude (x)","Latitude (y)","Station Name","Climate ID","Date/Time","Year","Month","Day","Data Quality","Max Temp (°C)","Max Temp Flag","Min Temp (°C)","Min Temp Flag","Mean Temp (°C)","Mean Temp Flag","Heat Deg Days (°C)","Heat Deg Days Flag","Cool Deg Days (°C)","Cool Deg Days Flag","Total Rain (mm)","Total Rain Flag","Total Snow (cm)","Total Snow Flag","Total Precip (mm)","Total Precip Flag","Snow on Grnd (cm)","Snow on Grnd Flag","Dir of Max Gust (10s deg)","Dir of Max Gust Flag","Spd of Max Gust (km/h)","Spd of Max Gust Flag"
"-114.38","62.45","YELLOWKNIFE-HENDERSON","2204110","2018-01-01","2018","01","01","†","-12.0","","-30.0","","-21.0","","39.0","","0.0","","0.0","","0.0","","0.0","","18","","","","",""
"-114.38","62.45","YELLOWKNIFE-HENDERSON","2204110","2018-01-02","2018","01","02","†","-11.0","","-31.0","","-21.0","","39.0","","0.0","","0.0","","0.0","","0.0","","18","","","","",""
"-114.38","62.45","YELLOWKNIFE-HENDERSON","2204110","2018-01-03","2018","01","03","†","-16.0","","-25.0","","-20.5","","38.5","","0.0","","0.0","","0.0","","0.0","","18","","","","",""
"-114.38","62.45","YELLOWKNIFE-HENDERSON","2204110","2018-01-04","2018","01","04","†","-15.0","","-20.0","","-17.5","","35.5","","0.0","","0.0","","2.0","","2.0","","18","","","","",""
"-114.38","62.45","YELLOWKNIFE-HENDERSON","2204110","2018-01-05","2018","01","05","†","-11.0","","-17.0","","-14.0","","32.0","","0.0","","0.0","","0.0","","0.0","","20","","","","",""
"-114.38","62.45","YELLOWKNIFE-HENDERSON","2204110","2018-01-06","2018","01","06","†","-1.0","","-17.0","","-9.0","","27.0","","0.0","","0.0","","0.0","","0.0","","20","","","","",""
"-114.38","62.45","YELLOWKNIFE-HENDERSON","2204110","2018-01-07","2018","01","07","†","0.0","","-11.0","","-5.5","","23.5","","0.0","","0.0","","0.0","","0.0","","20","","","","",""
"-114.38","62.45","YELLOWKNIFE-HENDERSON","2204110","2018-01-08","2018","01","08","†","-5.0","","-9.0","","-7.0","","25.0","","0.0","","0.0","","0.0","","0.0","","20","","","","",""
"-114.38","62.45","YELLOWKNIFE-HENDERSON","2204110","2018-01-09","2018","01","09","†","-3.0","","-13.0","","-8.0","","26.0","","0.0","","3.0","","0.0","","3.0","","20","","","","",""
"-114.38","62.45","YELLOWKNIFE-HENDERSON","2204110","2018-01-10","2018","01","10","†","-19.0","","-19.0","","-19.0","","37.0","","0.0","","0.0","","0.0","T","0.0","T","20","","","","",""
"-114.38","62.45","YELLOWKNIFE-HENDERSON","2204110","2018-01-11","2018","01","11","†","-23.0","","-27.0","","-25.0","","43.0","","0.0","","0.0","","0.0","","0.0","","20","","","","",""
"-114.38","62.45","YELLOWKNIFE-HENDERSON","2204110","2018-01-12","2018","01","12","†","-20.0","","-30.0","","-25.0","","43.0","","0.0","","0.0","","0.0","","0.0","","20","","","","",""
"-114.38","62.45","YELLOWKNIFE-HENDERSON","2204110","2018-01-13","2018","01","13","†","-11.0","","-32.0","","-21.5","","39.5","","0.0","","0.0","","0.0","T","0.0","T","20","","","","",""
"-114.38","62.45","YELLOWKNIFE-HENDERSON","2204110","2018-01-14","2018","01","14","†","-17.0","","-32.0","","-24.5","","42.5","","0.0","","0.0","","0.0","","0.0","","20","","","","",""
"-114.38","62.45","YELLOWKNIFE-HENDERSON","2204110","2018-01-15","2018","01","15","†","-16.0","","-30.0","","-23.0","","41.0","","0.0","","0.0","","0.0","","0.0","","20","","","","",""
"-114.38","62.45","YELLOWKNIFE-HENDERSON","2204110","2018-01-16","2018","01","16","†","-8.0","","-30.0","","-19.0","","37.0","","0.0","","0.0","","0.0","","0.0","","20","","","","",""
"-114.38","62.45","YELLOWKNIFE-HENDERSON","2204110","2018-01-17","2018","01","17","†","4.0","","-17.0","","-6.5","","24.5","","0.0","","1.4","","0.0","","1.4","","20","","","","",""
"-114.38","62.45","YELLOWKNIFE-HENDERSON","2204110","2018-01-18","2018","01","18","†","4.0","","-10.0","","-3.0","","21.0","","0.0","","0.0","T","0.0","","0.0","T","19","","","","",""
"-114.38","62.45","YELLOWKNIFE-HENDERSON","2204110","2018-01-19","2018","01","19","†","3.0","","-10.0","","-3.5","","21.5","","0.0","","0.0","","0.0","","0.0","","19","","","","",""
"-114.38","62.45","YELLOWKNIFE-HENDERSON","2204110","2018-01-20","2018","01","20","†","0.0","","-6.0","","-3.0","","21.0","","0.0","","0.0","","0.0","","0.0","","18","","","","",""
"-114.38","62.45","YELLOWKNIFE-HENDERSON","2204110","2018-01-21","2018","01","21","†","0.0","","-6.0","","-3.0","","21.0","","0.0","","0.0","","0.0","","0.0","","18","","","","",""
"-114.38","62.45","YELLOWKNIFE-HENDERSON","2204110","2018-01-22","2018","01","22","†","-5.0","","-7.0","","-6.0","","24.0","","0.0","","0.0","","0.0","","0.0","","18","","","","",""
"-114.38","62.45","YELLOWKNIFE-HENDERSON","2204110","2018-01-23","2018","01","23","†","-4.0","","-12.0","","-8.0","","26.0","","0.0","","0.0","","0.0","","0.0","","18","","","","",""
"-114.38","62.45","YELLOWKNIFE-HENDERSON","2204110","2018-01-24","2018","01","24","†","-7.0","","-12.0","","-9.5","","27.5","","0.0","","0.0","","0.0","","0.0","","18","","","","",""
"-114.38","62.45","YELLOWKNIFE-HENDERSON","2204110","2018-01-25","2018","01","25","†","-5.0","","-12.0","","-8.5","","26.5","","0.0","","0.0","","7.0","","7.0","","18","","","","",""
"-114.38","62.45","YELLOWKNIFE-HENDERSON","2204110","2018-01-26","2018","01","26","†","-8.0","","-9.0","","-8.5","","26.5","","0.0","","0.0","","4.0","","4.0","","25","","","","",""
"-114.38","62.45","YELLOWKNIFE-HENDERSON","2204110","2018-01-27","2018","01","27","†","-16.0","","-16.0","","-16.0","","34.0","","0.0","","0.0","","0.0","T","0.0","T","29","","","","",""
"-114.38","62.45","YELLOWKNIFE-HENDERSON","2204110","2018-01-28","2018","01","28","†","-18.0","","-29.0","","-23.5","","41.5","","0.0","","0.0","","0.4","","0.4","","29","","","","",""
"-114.38","62.45","YELLOWKNIFE-HENDERSON","2204110","2018-01-29","2018","01","29","†","-10.0","","-27.0","","-18.5","","36.5","","0.0","","0.0","","0.0","T","0.0","T","28","","","","",""
"-114.38","62.45","YELLOWKNIFE-HENDERSON","2204110","2018-01-30","2018","01","30","†","3.0","","-28.0","","-12.5","","30.5","","0.0","","0.0","","1.0","","1.0","","28","","","","",""
"-114.38","62.45","YELLOWKNIFE-HENDERSON","2204110","2018-01-31","2018","01","31","†","-18.0","","-18.0","","-18.0","","36.0","","0.0","","0.0","","0.0","T","0.0","T","25","","","","",""
"-114.38","62.45","YELLOWKNIFE-HENDERSON","2204110","2018-02-01","2018","02","01","†","-19.0","","-29.0","","-24.0","","42.0","","0.0","","0.0","","1.0","","1.0","","25","","","","",""
"-114.38","62.45","YELLOWKNIFE-HENDERSON","2204110","2018-02-02","2018","02","02","†","-18.0","","-29.0","","-23.5","","41.5","","0.0","","0.0","","1.0","","1.0","","26","","","","",""
"-114.38","62.45","YELLOWKNIFE-HENDERSON","2204110","2018-02-03","2018","02","03","†","-22.0","","-24.0","","-23.0","","41.0","","0.0","","0.0","","0.0","T","0.0","T","27","","","","",""
"-114.38","62.45","YELLOWKNIFE-HENDERSON","2204110","2018-02-04","2018","02","04","†","-18.0","","-28.0","","-23.0","","41.0","","0.0","","0.0","","0.0","T","0.0","T","27","","","","",""
"-114.38","62.45","YELLOWKNIFE-HENDERSON","2204110","2018-02-05","2018","02","05","†","-18.0","","-24.0","","-21.0","","39.0","","0.0","","0.0","","0.0","","0.0","","27","","","","",""
"-114.38","62.45","YELLOWKNIFE-HENDERSON","2204110","2018-02-06","2018","02","06","†","-16.0","","-26.0","","-21.0","","39.0","","0.0","","0.0","","0.0","","0.0","","27","","","","",""
"-114.38","62.45","YELLOWKNIFE-HENDERSON","2204110","2018-02-07","2018","02","07","†","-17.0","","-28.0","","-22.5","","40.5","","0.0","","0.0","","0.0","","0.0","","26","","","","",""
"-114.38","62.45","YELLOWKNIFE-HENDERSON","2204110","2018-02-08","2018","02","08","†","-18.0","","-29.0","","-23.5","","41.5","","0.0","","0.0","","0.0","","0.0","","26","","","","",""
"-114.38","62.45","YELLOWKNIFE-HENDERSON","2204110","2018-02-09","2018","02","09","†","-15.0","","-27.0","","-21.0","","39.0","","0.0","","0.0","","0.0","","0.0","","26","","","","",""
"-114.38","62.45","YELLOWKNIFE-HENDERSON","2204110","2018-02-10","2018","02","10","†","-12.0","","-25.0","","-18.5","","36.5","","0.0","","0.0","","0.6","","0.6","","26","","","","",""
"-114.38","62.45","YELLOWKNIFE-HENDERSON","2204110","2018-02-11","2018","02","11","†","-20.0","","-20.0","","-20.0","","38.0","","0.0","","0.0","","0.0","","0.0","","27","","","","",""
"-114.38","62.45","YELLOWKNIFE-HENDERSON","2204110","2018-02-12","2018","02","12","†","-15.0","","-32.0","","-23.5","","41.5","","0.0","","0.0","","0.0","","0.0","","27","","","","",""
"-114.38","62.45","YELLOWKNIFE-HENDERSON","2204110","2018-02-13","2018","02","13","†","-2.0","","-31.0","","-16.5","","34.5","","0.0","","0.8","","1.0","","1.8","","26","","","","",""
"-114.38","62.45","YELLOWKNIFE-HENDERSON","2204110","2018-02-14","2018","02","14","†","1.0","","-15.0","","-7.0","","25.0","","0.0","","0.0","T","2.4","","2.4","","27","","","","",""
"-114.38","62.45","YELLOWKNIFE-HENDERSON","2204110","2018-02-15","2018","02","15","†","-16.0","","-28.0","","-22.0","","40.0","","0.0","","0.0","","0.0","","0.0","","29","","","","",""
"-114.38","62.45","YELLOWKNIFE-HENDERSON","2204110","2018-02-16","2018","02","16","†","-8.0","","-28.0","","-18.0","","36.0","","0.0","","0.0","","0.0","T","0.0","T","29","","","","",""
"-114.38","62.45","YELLOWKNIFE-HENDERSON","2204110","2018-02-17","2018","02","17","†","-13.0","","-20.0","","-16.5","","34.5","","0.0","","0.0","","0.0","","0.0","","29","","","","",""
"-114.38","62.45","YELLOWKNIFE-HENDERSON","2204110","2018-02-18","2018","02","18","†","-15.0","","-21.0","","-18.0","","36.0","","0.0","","0.0","","0.2","","0.2","","29","","","","",""
"-114.38","62.45","YELLOWKNIFE-HENDERSON","2204110","2018-02-19","2018","02","19","†","-16.0","","-25.0","","-20.5","","38.5","","0.0","","0.0","","0.0","","0.0","","29","","","","",""
"-114.38","62.45","YELLOWKNIFE-HENDERSON","2204110","2018-02-20","2018","02","20","†","-13.0","","-26.0","","-19.5","","37.5","","0.0","","0.0","","0.0","","0.0","","28","","","","",""
"-114.38","62.45","YELLOWKNIFE-HENDERSON","2204110","2018-02-21","2018","02","21","†","-15.0","","-29.0","","-22.0","","40.0","","0.0","","0.0","","0.0","","0.0","","28","","","","",""
"-114.38","62.45","YELLOWKNIFE-HENDERSON","2204110","2018-02-22","2018","02","22","†","-11.0","","-28.0","","-19.5","","37.5","","0.0","","0.0","","0.0","","0.0","","28","","","","",""
"-114.38","62.45","YELLOWKNIFE-HENDERSON","2204110","2018-02-23","2018","02","23","†","-9.0","","-23.0","","-16.0","","34.0","","0.0","","0.0","","0.0","","0.0","","28","","","","",""
"-114.38","62.45","YELLOWKNIFE-HENDERSON","2204110","2018-02-24","2018","02","24","†","-6.0","","-23.0","","-14.5","","32.5","","0.0","","0.0","","0.4","","0.4","","28","","","","",""
"-114.38","62.45","YELLOWKNIFE-HENDERSON","2204110","2018-02-25","2018","02","25","†","-4.0","","-16.0","","-10.0","","28.0","","0.0","","0.0","","0.0","","0.0","","29","","","","",""
"-114.38","62.45","YELLOWKNIFE-HENDERSON","2204110","2018-02-26","2018","02","26","†","-3.0","","-18.0","","-10.5","","28.5","","0.0","","0.0","","0.0","","0.0","","29","","","","",""
"-114.38","62.45","YELLOWKNIFE-HENDERSON","2204110","2018-02-27","2018","02","27","†","-1.0","","-18.0","","-9.5","","27.5","","0.0","","0.0","","0.0","","0.0","","28","","","","",""
"-114.38","62.45","YELLOWKNIFE-HENDERSON","2204110","2018-02-28","2018","02","28","†","0.0","","-17.0","","-8.5","","26.5","","0.0","","0.0","","0.0","","0.0","","28","","","","",""
"-114.38","62.45","YELLOWKNIFE-HENDERSON","2204110","2018-03-01","2018","03","01","†","-5.0","","-16.0","","-10.5","","28.5","","0.0","","0.0","","0.0","","0.0","","28","","","","",""
"-114.38","62.45","YELLOWKNIFE-HENDERSON","2204110","2018-03-02","2018","03","02","†","-5.0","","-21.0","","-13.0","","31.0","","0.0","","0.0","","0.0","","0.0","","28","","","","",""
"-114.38","62.45","YELLOWKNIFE-HENDERSON","2204110","2018-03-03","2018","03","03","†","-3.0","","-16.0","","-9.5","","27.5","","0.0","","0.0","","1.0","","1.0","","27","","","","",""
"-114.38","62.45","YELLOWKNIFE-HENDERSON","2204110","2018-03-04","2018","03","04","†","-2.0","","-8.0","","-5.0","","23.0","","0.0","","1.0","","17.0","","18.0","","28","","","","",""
"-114.38","62.45","YELLOWKNIFE-HENDERSON","2204110","2018-03-05","2018","03","05","†","-1.0","","-12.0","","-6.5","","24.5","","0.0","","0.0","","22.0","","22.0","","45","","","","",""
"-114.38","62.45","YELLOWKNIFE-HENDERSON","2204110","2018-03-06","2018","03","06","†","-6.0","","-6.0","","-6.0","","24.0","","0.0","","0.0","","3.0","","3.0","","65","","","","",""
"-114.38","62.45","YELLOWKNIFE-HENDERSON","2204110","2018-03-07","2018","03","07","†","-3.0","","-20.0","","-11.5","","29.5","","0.0","","0.0","","2.0","","2.0","","65","","","","",""
"-114.38","62.45","YELLOWKNIFE-HENDERSON","2204110","2018-03-08","2018","03","08","†","-9.0","","-20.0","","-14.5","","32.5","","0.0","","0.0","","0.0","T","0.0","T","63","","","","",""
"-114.38","62.45","YELLOWKNIFE-HENDERSON","2204110","2018-03-09","2018","03","09","†","-7.0","","-27.0","","-17.0","","35.0","","0.0","","0.0","","0.6","","0.6","","62","","","","",""
"-114.38","62.45","YELLOWKNIFE-HENDERSON","2204110","2018-03-10","2018","03","10","†","-5.0","","-17.0","","-11.0","","29.0","","0.0","","0.0","","0.0","","0.0","","62","","","","",""
"-114.38","62.45","YELLOWKNIFE-HENDERSON","2204110","2018-03-11","2018","03","11","†","1.0","","-17.0","","-8.0","","26.0","","0.0","","0.0","","0.0","","0.0","","62","","","","",""
"-114.38","62.45","YELLOWKNIFE-HENDERSON","2204110","2018-03-12","2018","03","12","†","-3.0","","-22.0","","-12.5","","30.5","","0.0","","0.0","","0.0","","0.0","","60","","","","",""
"-114.38","62.45","YELLOWKNIFE-HENDERSON","2204110","2018-03-13","2018","03","13","†","0.0","","-21.0","","-10.5","","28.5","","0.0","","0.0","","0.0","","0.0","","56","","","","",""
"-114.38","62.45","YELLOWKNIFE-HENDERSON","2204110","2018-03-14","2018","03","14","†","-2.0","","-17.0","","-9.5","","27.5","","0.0","","0.0","","0.0","","0.0","","52","","","","",""
"-114.38","62.45","YELLOWKNIFE-HENDERSON","2204110","2018-03-15","2018","03","15","†","-4.0","","-23.0","","-13.5","","31.5","","0.0","","0.0","","0.0","","0.0","","50","","","","",""
"-114.38","62.45","YELLOWKNIFE-HENDERSON","2204110","2018-03-16","2018","03","16","†","1.0","","-22.0","","-10.5","","28.5","","0.0","","0.0","","0.0","","0.0","","50","","","","",""
"-114.38","62.45","YELLOWKNIFE-HENDERSON","2204110","2018-03-17","2018","03","17","†","-3.0","","-23.0","","-13.0","","31.0","","0.0","","0.0","","0.0","","0.0","","50","","","","",""
"-114.38","62.45","YELLOWKNIFE-HENDERSON","2204110","2018-03-18","2018","03","18","†","-2.0","","-21.0","","-11.5","","29.5","","0.0","","0.0","","0.0","","0.0","","50","","","","",""
"-114.38","62.45","YELLOWKNIFE-HENDERSON","2204110","2018-03-19","2018","03","19","†","-5.0","","-9.0","","-7.0","","25.0","","0.0","","0.0","","0.0","","0.0","","50","","","","",""
"-114.38","62.45","YELLOWKNIFE-HENDERSON","2204110","2018-03-20","2018","03","20","†","-2.0","","-8.0","","-5.0","","23.0","","0.0","","0.0","","3.0","","3.0","","50","","","","",""
"-114.38","62.45","YELLOWKNIFE-HENDERSON","2204110","2018-03-21","2018","03","21","†","-1.0","","-9.0","","-5.0","","23.0","","0.0","","0.0","","0.0","","0.0","","53","","","","",""
"-114.38","62.45","YELLOWKNIFE-HENDERSON","2204110","2018-03-22","2018","03","22","†","0.0","","-14.0","","-7.0","","25.0","","0.0","","0.0","","0.0","","0.0","","52","","","","",""
"-114.38","62.45","YELLOWKNIFE-HENDERSON","2204110","2018-03-23","2018","03","23","†","0.0","","-11.0","","-5.5","","23.5","","0.0","","0.8","","2.0","","2.8","","52","","","","",""
"-114.38","62.45","YELLOWKNIFE-HENDERSON","2204110","2018-03-24","2018","03","24","†","2.0","","-3.0","","-0.5","","18.5","","0.0","","0.0","","0.2","","0.2","","52","","","","",""
"-114.38","62.45","YELLOWKNIFE-HENDERSON","2204110","2018-03-25","2018","03","25","†","2.0","","-2.0","","0.0","","18.0","","0.0","","0.0","","0.0","","0.0","","50","","","","",""
"-114.38","62.45","YELLOWKNIFE-HENDERSON","2204110","2018-03-26","2018","03","26","†","1.0","","-8.0","","-3.5","","21.5","","0.0","","0.0","","0.0","","0.0","","45","","","","",""
"-114.38","62.45","YELLOWKNIFE-HENDERSON","2204110","2018-03-27","2018","03","27","†","2.0","","-13.0","","-5.5","","23.5","","0.0","","0.0","","2.0","","2.0","","42","","","","",""
"-114.38","62.45","YELLOWKNIFE-HENDERSON","2204110","2018-03-28","2018","03","28","†","-8.0","","-13.0","","-10.5","","28.5","","0.0","","0.0","","0.0","","0.0","","44","","","","",""
"-114.38","62.45","YELLOWKNIFE-HENDERSON","2204110","2018-03-29","2018","03","29","†","-14.0","","-17.0","","-15.5","","33.5","","0.0","","0.0","","0.0","","0.0","","44","","","","",""
"-114.38","62.45","YELLOWKNIFE-HENDERSON","2204110","2018-03-30","2018","03","30","†","-13.0","","-29.0","","-21.0","","39.0","","0.0","","0.0","","0.0","","0.0","","44","","","","",""
"-114.38","62.45","YELLOWKNIFE-HENDERSON","2204110","2018-03-31","2018","03","31","†","-9.0","","-26.0","","-17.5","","35.5","","0.0","","0.0","","0.0","","0.0","","42","","","","",""
"-114.38","62.45","YELLOWKNIFE-HENDERSON","2204110","2018-04-01","2018","04","01","†","-7.0","","-20.0","","-13.5","","31.5","","0.0","","0.0","","0.0","","0.0","","42","","","","",""
"-114.38","62.45","YELLOWKNIFE-HENDERSON","2204110","2018-04-02","2018","04","02","†","-10.0","","-24.0","","-17.0","","35.0","","0.0","","0.0","","0.0","","0.0","","42","","","","",""
"-114.38","62.45","YELLOWKNIFE-HENDERSON","2204110","2018-04-03","2018","04","03","†","-4.0","","-24.0","","-14.0","","32.0","","0.0","","0.0","","0.0","","0.0","","42","","","","",""
"-114.38","62.45","YELLOWKNIFE-HENDERSON","2204110","2018-04-04","2018","04","04","†","-4.0","","-22.0","","-13.0","","31.0","","0.0","","0.0","","0.0","","0.0","","41","","","","",""
"-114.38","62.45","YELLOWKNIFE-HENDERSON","2204110","2018-04-05","2018","04","05","†","-11.0","","-19.0","","-15.0","","33.0","","0.0","","0.0","","0.0","T","0.0","T","41","","","","",""
"-114.38","62.45","YELLOWKNIFE-HENDERSON","2204110","2018-04-06","2018","04","06","†","-9.0","","-21.0","","-15.0","","33.0","","0.0","","0.0","","0.0","","0.0","","40","","","","",""
"-114.38","62.45","YELLOWKNIFE-HENDERSON","2204110","2018-04-07","2018","04","07","†","-4.0","","-23.0","","-13.5","","31.5","","0.0","","0.0","","0.0","","0.0","","40","","","","",""
"-114.38","62.45","YELLOWKNIFE-HENDERSON","2204110","2018-04-08","2018","04","08","†","-4.0","","-23.0","","-13.5","","31.5","","0.0","","0.0","","0.0","","0.0","","40","","","","",""
"-114.38","62.45","YELLOWKNIFE-HENDERSON","2204110","2018-04-09","2018","04","09","†","-3.0","","-20.0","","-11.5","","29.5","","0.0","","0.0","","0.0","","0.0","","39","","","","",""
"-114.38","62.45","YELLOWKNIFE-HENDERSON","2204110","2018-04-10","2018","04","10","†","2.0","","-12.0","","-5.0","","23.0","","0.0","","0.0","","0.0","","0.0","","39","","","","",""
"-114.38","62.45","YELLOWKNIFE-HENDERSON","2204110","2018-04-11","2018","04","11","†","-2.0","","-9.0","","-5.5","","23.5","","0.0","","0.0","","4.0","","4.0","","39","","","","",""
"-114.38","62.45","YELLOWKNIFE-HENDERSON","2204110","2018-04-12","2018","04","12","†","-2.0","","-7.0","","-4.5","","22.5","","0.0","","0.0","","0.0","","0.0","","43","","","","",""
"-114.38","62.45","YELLOWKNIFE-HENDERSON","2204110","2018-04-13","2018","04","13","†","1.0","","-19.0","","-9.0","","27.0","","0.0","","0.0","","0.0","","0.0","","42","","","","",""
"-114.38","62.45","YELLOWKNIFE-HENDERSON","2204110","2018-04-14","2018","04","14","†","-1.0","","-18.0","","-9.5","","27.5","","0.0","","0.0","","0.0","","0.0","","42","","","","",""
"-114.38","62.45","YELLOWKNIFE-HENDERSON","2204110","2018-04-15","2018","04","15","†","1.0","","-13.0","","-6.0","","24.0","","0.0","","0.0","","0.0","","0.0","","41","","","","",""
"-114.38","62.45","YELLOWKNIFE-HENDERSON","2204110","2018-04-16","2018","04","16","†","1.0","","-9.0","","-4.0","","22.0","","0.0","","0.0","","0.0","","0.0","","40","","","","",""
"-114.38","62.45","YELLOWKNIFE-HENDERSON","2204110","2018-04-17","2018","04","17","†","2.0","","-7.0","","-2.5","","20.5","","0.0","","0.0","","0.0","","0.0","","39","","","","",""
"-114.38","62.45","YELLOWKNIFE-HENDERSON","2204110","2018-04-18","2018","04","18","†","5.0","","-2.0","","1.5","","16.5","","0.0","","0.0","","0.0","","0.0","","37","","","","",""
"-114.38","62.45","YELLOWKNIFE-HENDERSON","2204110","2018-04-19","2018","04","19","†","13.0","","-7.0","","3.0","","15.0","","0.0","","0.0","","0.0","","0.0","","33","","","","",""
"-114.38","62.45","YELLOWKNIFE-HENDERSON","2204110","2018-04-20","2018","04","20","†","7.0","","-5.0","","1.0","","17.0","","0.0","","0.0","","0.0","","0.0","","30","","","","",""
"-114.38","62.45","YELLOWKNIFE-HENDERSON","2204110","2018-04-21","2018","04","21","†","12.0","","-2.0","","5.0","","13.0","","0.0","","0.0","","0.0","","0.0","","25","","","","",""
"-114.38","62.45","YELLOWKNIFE-HENDERSON","2204110","2018-04-22","2018","04","22","†","13.0","","1.0","","7.0","","11.0","","0.0","","0.0","","0.0","","0.0","","0","T","","","",""
"-114.38","62.45","YELLOWKNIFE-HENDERSON","2204110","2018-04-23","2018","04","23","†","10.0","","0.0","","5.0","","13.0","","0.0","","0.0","","0.0","","0.0","","0","T","","","",""
"-114.38","62.45","YELLOWKNIFE-HENDERSON","2204110","2018-04-24","2018","04","24","†","17.0","","-4.0","","6.5","","11.5","","0.0","","0.0","","0.0","","0.0","","0","T","","","",""
"-114.38","62.45","YELLOWKNIFE-HENDERSON","2204110","2018-04-25","2018","04","25","†","16.0","","4.0","","10.0","","8.0","","0.0","","0.0","","0.0","","0.0","","0","T","","","",""
"-114.38","62.45","YELLOWKNIFE-HENDERSON","2204110","2018-04-26","2018","04","26","†","19.0","","-2.0","","8.5","","9.5","","0.0","","0.0","","0.0","","0.0","","0","T","","","",""
"-114.38","62.45","YELLOWKNIFE-HENDERSON","2204110","2018-04-27","2018","04","27","†","13.0","","-1.0","","6.0","","12.0","","0.0","","0.0","","0.0","","0.0","","0","","","","",""
"-114.38","62.45","YELLOWKNIFE-HENDERSON","2204110","2018-04-28","2018","04","28","†","20.0","","0.0","","10.0","","8.0","","0.0","","0.0","","0.0","","0.0","","0","","","","",""
"-114.38","62.45","YELLOWKNIFE-HENDERSON","2204110","2018-04-29","2018","04","29","†","26.0","","4.0","","15.0","","3.0","","0.0","","0.0","T","0.0","","0.0","T","0","","","","",""
"-114.38","62.45","YELLOWKNIFE-HENDERSON","2204110","2018-04-30","2018","04","30","†","10.0","","1.0","","5.5","","12.5","","0.0","","2.8","","0.0","T","2.8","","0","","","","",""
"-114.38","62.45","YELLOWKNIFE-HENDERSON","2204110","2018-05-01","2018","05","01","†","13.0","","-4.0","","4.5","","13.5","","0.0","","0.0","","0.0","","0.0","","0","","","","",""
"-114.38","62.45","YELLOWKNIFE-HENDERSON","2204110","2018-05-02","2018","05","02","†","15.0","","-2.0","","6.5","","11.5","","0.0","","0.0","","0.0","","0.0","","0","","","","",""
"-114.38","62.45","YELLOWKNIFE-HENDERSON","2204110","2018-05-03","2018","05","03","†","20.0","","3.0","","11.5","","6.5","","0.0","","0.0","","0.0","","0.0","","0","","","","",""
"-114.38","62.45","YELLOWKNIFE-HENDERSON","2204110","2018-05-04","2018","05","04","†","22.0","","4.0","","13.0","","5.0","","0.0","","0.0","","0.0","","0.0","","0","","","","",""
"-114.38","62.45","YELLOWKNIFE-HENDERSON","2204110","2018-05-05","2018","05","05","†","21.0","","2.0","","11.5","","6.5","","0.0","","0.0","","0.0","","0.0","","0","","","","",""
"-114.38","62.45","YELLOWKNIFE-HENDERSON","2204110","2018-05-06","2018","05","06","†","26.0","","2.0","","14.0","","4.0","","0.0","","0.0","","0.0","","0.0","","0","","","","",""
"-114.38","62.45","YELLOWKNIFE-HENDERSON","2204110","2018-05-07","2018","05","07","†","28.0","","9.0","","18.5","","0.0","","0.5","","0.0","","0.0","","0.0","","0","","","","",""
"-114.38","62.45","YELLOWKNIFE-HENDERSON","2204110","2018-05-08","2018","05","08","†","22.0","","5.0","","13.5","","4.5","","0.0","","0.0","","0.0","","0.0","","0","","","","",""
"-114.38","62.45","YELLOWKNIFE-HENDERSON","2204110","2018-05-09","2018","05","09","†","13.0","","7.0","","10.0","","8.0","","0.0","","0.0","","0.0","","0.0","","0","","","","",""
"-114.38","62.45","YELLOWKNIFE-HENDERSON","2204110","2018-05-10","2018","05","10","†","12.0","","-4.0","","4.0","","14.0","","0.0","","0.0","","0.0","","0.0","","0","","","","",""
"-114.38","62.45","YELLOWKNIFE-HENDERSON","2204110","2018-05-11","2018","05","11","†","18.0","","6.0","","12.0","","6.0","","0.0","","0.0","","0.0","","0.0","","0","","","","",""
"-114.38","62.45","YELLOWKNIFE-HENDERSON","2204110","2018-05-12","2018","05","12","†","20.0","","0.0","","10.0","","8.0","","0.0","","0.0","","0.0","","0.0","","0","","","","",""
"-114.38","62.45","YELLOWKNIFE-HENDERSON","2204110","2018-05-13","2018","05","13","†","27.0","","7.0","","17.0","","1.0","","0.0","","0.0","","0.0","","0.0","","0","","","","",""
"-114.38","62.45","YELLOWKNIFE-HENDERSON","2204110","2018-05-14","2018","05","14","†","21.0","","5.0","","13.0","","5.0","","0.0","","0.0","","0.0","","0.0","","0","","","","",""
"-114.38","62.45","YELLOWKNIFE-HENDERSON","2204110","2018-05-15","2018","05","15","†","32.0","","10.0","","21.0","","0.0","","3.0","","0.0","","0.0","","0.0","","0","","","","",""
"-114.38","62.45","YELLOWKNIFE-HENDERSON","2204110","2018-05-16","2018","05","16","†","21.0","","4.0","","12.5","","5.5","","0.0","","6.1","","0.0","","6.1","","0","","","","",""
"-114.38","62.45","YELLOWKNIFE-HENDERSON","2204110","2018-05-17","2018","05","17","†","10.0","","6.0","","8.0","","10.0","","0.0","","7.6","","0.0","","7.6","","0","","","","",""
"-114.38","62.45","YELLOWKNIFE-HENDERSON","2204110","2018-05-18","2018","05","18","†","17.0","","5.0","","11.0","","7.0","","0.0","","0.0","","0.0","","0.0","","0","","","","",""
"-114.38","62.45","YELLOWKNIFE-HENDERSON","2204110","2018-05-19","2018","05","19","†","22.0","","2.0","","12.0","","6.0","","0.0","","0.0","","0.0","","0.0","","0","","","","",""
"-114.38","62.45","YELLOWKNIFE-HENDERSON","2204110","2018-05-20","2018","05","20","†","25.0","","6.0","","15.5","","2.5","","0.0","","0.0","","0.0","","0.0","","0","","","","",""
"-114.38","62.45","YELLOWKNIFE-HENDERSON","2204110","2018-05-21","2018","05","21","†","27.0","","6.0","","16.5","","1.5","","0.0","","1.2","","0.0","","1.2","","0","","","","",""
"-114.38","62.45","YELLOWKNIFE-HENDERSON","2204110","2018-05-22","2018","05","22","†","27.0","","13.0","","20.0","","0.0","","2.0","","0.0","","0.0","","0.0","","0","","","","",""
"-114.38","62.45","YELLOWKNIFE-HENDERSON","2204110","2018-05-23","2018","05","23","†","30.0","","11.0","","20.5","","0.0","","2.5","","1.1","","0.0","","1.1","","0","","","","",""
"-114.38","62.45","YELLOWKNIFE-HENDERSON","2204110","2018-05-24","2018","05","24","†","28.0","","15.0","","21.5","","0.0","","3.5","","0.0","T","0.0","","0.0","T","0","","","","",""
"-114.38","62.45","YELLOWKNIFE-HENDERSON","2204110","2018-05-25","2018","05","25","†","25.0","","12.0","","18.5","","0.0","","0.5","","0.4","","0.0","","0.4","","0","","","","",""
"-114.38","62.45","YELLOWKNIFE-HENDERSON","2204110","2018-05-26","2018","05","26","†","29.0","","12.0","","20.5","","0.0","","2.5","","0.0","T","0.0","","0.0","T","0","","","","",""
"-114.38","62.45","YELLOWKNIFE-HENDERSON","2204110","2018-05-27","2018","05","27","†","26.0","","13.0","","19.5","","0.0","","1.5","","0.0","","0.0","","0.0","","0","","","","",""
"-114.38","62.45","YELLOWKNIFE-HENDERSON","2204110","2018-05-28","2018","05","28","†","28.0","","7.0","","17.5","","0.5","","0.0","","1.2","","0.0","","1.2","","0","","","","",""
"-114.38","62.45","YELLOWKNIFE-HENDERSON","2204110","2018-05-29","2018","05","29","†","25.0","","13.0","","19.0","","0.0","","1.0","","1.2","","0.0","","1.2","","0","","","","",""
"-114.38","62.45","YELLOWKNIFE-HENDERSON","2204110","2018-05-30","2018","05","30","†","26.0","","13.0","","19.5","","0.0","","1.5","","1.0","","0.0","","1.0","","0","","","","",""
"-114.38","62.45","YELLOWKNIFE-HENDERSON","2204110","2018-05-31","2018","05","31","†","18.0","","13.0","","15.5","","2.5","","0.0","","0.0","T","0.0","","0.0","T","0","","","","",""
"-114.38","62.45","YELLOWKNIFE-HENDERSON","2204110","2018-06-01","2018","06","01","†","11.0","","10.0","","10.5","","7.5","","0.0","","42.8","","0.0","","42.8","","0","","","","",""
"-114.38","62.45","YELLOWKNIFE-HENDERSON","2204110","2018-06-02","2018","06","02","†","14.0","","9.0","","11.5","","6.5","","0.0","","3.4","","0.0","","3.4","","0","","","","",""
"-114.38","62.45","YELLOWKNIFE-HENDERSON","2204110","2018-06-03","2018","06","03","†","22.0","","4.0","","13.0","","5.0","","0.0","","0.0","","0.0","","0.0","","0","","","","",""
"-114.38","62.45","YELLOWKNIFE-HENDERSON","2204110","2018-06-04","2018","06","04","†","22.0","","7.0","","14.5","","3.5","","0.0","","1.0","","0.0","","1.0","","0","","","","",""
"-114.38","62.45","YELLOWKNIFE-HENDERSON","2204110","2018-06-05","2018","06","05","†","22.0","","12.0","","17.0","","1.0","","0.0","","0.0","","0.0","","0.0","","0","","","","",""
"-114.38","62.45","YELLOWKNIFE-HENDERSON","2204110","2018-06-06","2018","06","06","†","25.0","","5.0","","15.0","","3.0","","0.0","","0.0","","0.0","","0.0","","0","","","","",""
"-114.38","62.45","YELLOWKNIFE-HENDERSON","2204110","2018-06-07","2018","06","07","†","26.0","","11.0","","18.5","","0.0","","0.5","","7.4","","0.0","","7.4","","0","","","","",""
"-114.38","62.45","YELLOWKNIFE-HENDERSON","2204110","2018-06-08","2018","06","08","†","18.0","","13.0","","15.5","","2.5","","0.0","","0.0","","0.0","","0.0","","0","","","","",""
"-114.38","62.45","YELLOWKNIFE-HENDERSON","2204110","2018-06-09","2018","06","09","†","23.0","","13.0","","18.0","","0.0","","0.0","","0.0","","0.0","","0.0","","0","","","","",""
"-114.38","62.45","YELLOWKNIFE-HENDERSON","2204110","2018-06-10","2018","06","10","†","31.0","","14.0","","22.5","","0.0","","4.5","","5.8","","0.0","","5.8","","0","","","","",""
"-114.38","62.45","YELLOWKNIFE-HENDERSON","2204110","2018-06-11","2018","06","11","†","21.0","","12.0","","16.5","","1.5","","0.0","","0.3","","0.0","","0.3","","0","","","","",""
"-114.38","62.45","YELLOWKNIFE-HENDERSON","2204110","2018-06-12","2018","06","12","†","22.0","","6.0","","14.0","","4.0","","0.0","","0.0","","0.0","","0.0","","0","","","","",""
"-114.38","62.45","YELLOWKNIFE-HENDERSON","2204110","2018-06-13","2018","06","13","†","26.0","","7.0","","16.5","","1.5","","0.0","","0.0","","0.0","","0.0","","0","","","","",""
"-114.38","62.45","YELLOWKNIFE-HENDERSON","2204110","2018-06-14","2018","06","14","†","25.0","","10.0","","17.5","","0.5","","0.0","","0.8","","0.0","","0.8","","0","","","","",""
"-114.38","62.45","YELLOWKNIFE-HENDERSON","2204110","2018-06-15","2018","06","15","†","22.0","","10.0","","16.0","","2.0","","0.0","","0.0","","0.0","","0.0","","0","","","","",""
"-114.38","62.45","YELLOWKNIFE-HENDERSON","2204110","2018-06-16","2018","06","16","†","21.0","","7.0","","14.0","","4.0","","0.0","","0.0","","0.0","","0.0","","0","","","","",""
"-114.38","62.45","YELLOWKNIFE-HENDERSON","2204110","2018-06-17","2018","06","17","†","24.0","","10.0","","17.0","","1.0","","0.0","","0.0","","0.0","","0.0","","0","","","","",""
"-114.38","62.45","YELLOWKNIFE-HENDERSON","2204110","2018-06-18","2018","06","18","†","27.0","","8.0","","17.5","","0.5","","0.0","","0.0","","0.0","","0.0","","0","","","","",""
"-114.38","62.45","YELLOWKNIFE-HENDERSON","2204110","2018-06-19","2018","06","19","†","27.0","","11.0","","19.0","","0.0","","1.0","","0.0","","0.0","","0.0","","0","","","","",""
"-114.38","62.45","YELLOWKNIFE-HENDERSON","2204110","2018-06-20","2018","06","20","†","30.0","","11.0","","20.5","","0.0","","2.5","","0.0","","0.0","","0.0","","0","","","","",""
"-114.38","62.45","YELLOWKNIFE-HENDERSON","2204110","2018-06-21","2018","06","21","†","30.0","","14.0","","22.0","","0.0","","4.0","","0.0","","0.0","","0.0","","0","","","","",""
"-114.38","62.45","YELLOWKNIFE-HENDERSON","2204110","2018-06-22","2018","06","22","†","29.0","","13.0","","21.0","","0.0","","3.0","","9.4","","0.0","","9.4","","0","","","","",""
"-114.38","62.45","YELLOWKNIFE-HENDERSON","2204110","2018-06-23","2018","06","23","†","26.0","","16.0","","21.0","","0.0","","3.0","","2.0","","0.0","","2.0","","0","","","","",""
"-114.38","62.45","YELLOWKNIFE-HENDERSON","2204110","2018-06-24","2018","06","24","†","24.0","","17.0","","20.5","","0.0","","2.5","","9.0","","0.0","","9.0","","0","","","","",""
"-114.38","62.45","YELLOWKNIFE-HENDERSON","2204110","2018-06-25","2018","06","25","†","27.0","","16.0","","21.5","","0.0","","3.5","","0.0","","0.0","","0.0","","0","","","","",""
"-114.38","62.45","YELLOWKNIFE-HENDERSON","2204110","2018-06-26","2018","06","26","†","27.0","","15.0","","21.0","","0.0","","3.0","","0.8","","0.0","","0.8","","0","","","","",""
"-114.38","62.45","YELLOWKNIFE-HENDERSON","2204110","2018-06-27","2018","06","27","†","24.0","","8.0","","16.0","","2.0","","0.0","","0.0","","0.0","","0.0","","0","","","","",""
"-114.38","62.45","YELLOWKNIFE-HENDERSON","2204110","2018-06-28","2018","06","28","†","28.0","","9.0","","18.5","","0.0","","0.5","","0.0","","0.0","","0.0","","0","","","","",""
"-114.38","62.45","YELLOWKNIFE-HENDERSON","2204110","2018-06-29","2018","06","29","†","22.0","","14.0","","18.0","","0.0","","0.0","","6.0","","0.0","","6.0","","0","","","","",""
"-114.38","62.45","YELLOWKNIFE-HENDERSON","2204110","2018-06-30","2018","06","30","†","25.0","","14.0","","19.5","","0.0","","1.5","","0.0","","0.0","","0.0","","0","","","","",""
"-114.38","62.45","YELLOWKNIFE-HENDERSON","2204110","2018-07-01","2018","07","01","†","23.0","","11.0","","17.0","","1.0","","0.0","","2.2","","0.0","","2.2","","0","","","","",""
"-114.38","62.45","YELLOWKNIFE-HENDERSON","2204110","2018-07-02","2018","07","02","†","23.0","","9.0","","16.0","","2.0","","0.0","","0.0","","0.0","","0.0","","0","","","","",""
"-114.38","62.45","YELLOWKNIFE-HENDERSON","2204110","2018-07-03","2018","07","03","†","22.0","","13.0","","17.5","","0.5","","0.0","","6.0","","0.0","","6.0","","0","","","","",""
"-114.38","62.45","YELLOWKNIFE-HENDERSON","2204110","2018-07-04","2018","07","04","†","19.0","","14.0","","16.5","","1.5","","0.0","","22.5","","0.0","","22.5","","0","","","","",""
"-114.38","62.45","YELLOWKNIFE-HENDERSON","2204110","2018-07-05","2018","07","05","†","25.0","","9.0","","17.0","","1.0","","0.0","","0.0","","0.0","","0.0","","0","","","","",""
"-114.38","62.45","YELLOWKNIFE-HENDERSON","2204110","2018-07-06","2018","07","06","†","30.0","","12.0","","21.0","","0.0","","3.0","","0.0","","0.0","","0.0","","0","","","","",""
"-114.38","62.45","YELLOWKNIFE-HENDERSON","2204110","2018-07-07","2018","07","07","†","30.0","","20.0","","25.0","","0.0","","7.0","","0.0","","0.0","","0.0","","0","","","","",""
"-114.38","62.45","YELLOWKNIFE-HENDERSON","2204110","2018-07-08","2018","07","08","†","23.0","","13.0","","18.0","","0.0","","0.0","","0.0","","0.0","","0.0","","0","","","","",""
"-114.38","62.45","YELLOWKNIFE-HENDERSON","2204110","2018-07-09","2018","07","09","†","26.0","","9.0","","17.5","","0.5","","0.0","","0.0","","0.0","","0.0","","0","","","","",""
"-114.38","62.45","YELLOWKNIFE-HENDERSON","2204110","2018-07-10","2018","07","10","†","29.0","","15.0","","22.0","","0.0","","4.0","","7.0","","0.0","","7.0","","0","","","","",""
"-114.38","62.45","YELLOWKNIFE-HENDERSON","2204110","2018-07-11","2018","07","11","†","23.0","","18.0","","20.5","","0.0","","2.5","","0.0","T","0.0","","0.0","T","0","","","","",""
"-114.38","62.45","YELLOWKNIFE-HENDERSON","2204110","2018-07-12","2018","07","12","†","28.0","","17.0","","22.5","","0.0","","4.5","","5.1","","0.0","","5.1","","0","","","","",""
"-114.38","62.45","YELLOWKNIFE-HENDERSON","2204110","2018-07-13","2018","07","13","†","31.0","","14.0","","22.5","","0.0","","4.5","","14.8","","0.0","","14.8","","0","","","","",""
"-114.38","62.45","YELLOWKNIFE-HENDERSON","2204110","2018-07-14","2018","07","14","†","27.0","","19.0","","23.0","","0.0","","5.0","","0.0","","0.0","","0.0","","0","","","","",""
"-114.38","62.45","YELLOWKNIFE-HENDERSON","2204110","2018-07-15","2018","07","15","†","23.0","","10.0","","16.5","","1.5","","0.0","","0.0","","0.0","","0.0","","0","","","","",""
"-114.38","62.45","YELLOWKNIFE-HENDERSON","2204110","2018-07-16","2018","07","16","†","21.0","","8.0","","14.5","","3.5","","0.0","","0.0","","0.0","","0.0","","0","","","","",""
"-114.38","62.45","YELLOWKNIFE-HENDERSON","2204110","2018-07-17","2018","07","17","†","29.0","","9.0","","19.0","","0.0","","1.0","","0.0","","0.0","","0.0","","0","","","","",""
"-114.38","62.45","YELLOWKNIFE-HENDERSON","2204110","2018-07-18","2018","07","18","†","32.0","","13.0","","22.5","","0.0","","4.5","","2.0","","0.0","","2.0","","0","","","","",""
"-114.38","62.45","YELLOWKNIFE-HENDERSON","2204110","2018-07-19","2018","07","19","†","24.0","","18.0","","21.0","","0.0","","3.0","","0.0","","0.0","","0.0","","0","","","","",""
"-114.38","62.45","YELLOWKNIFE-HENDERSON","2204110","2018-07-20","2018","07","20","†","27.0","","9.0","","18.0","","0.0","","0.0","","0.0","","0.0","","0.0","","0","","","","",""
"-114.38","62.45","YELLOWKNIFE-HENDERSON","2204110","2018-07-21","2018","07","21","†","27.0","","12.0","","19.5","","0.0","","1.5","","0.0","T","0.0","","0.0","T","0","","","","",""
"-114.38","62.45","YELLOWKNIFE-HENDERSON","2204110","2018-07-22","2018","07","22","†","24.0","","16.0","","20.0","","0.0","","2.0","","2.6","","0.0","","2.6","","0","","","","",""
"-114.38","62.45","YELLOWKNIFE-HENDERSON","2204110","2018-07-23","2018","07","23","†","21.0","","12.0","","16.5","","1.5","","0.0","","0.0","","0.0","","0.0","","0","","","","",""
"-114.38","62.45","YELLOWKNIFE-HENDERSON","2204110","2018-07-24","2018","07","24","†","19.0","","11.0","","15.0","","3.0","","0.0","","0.0","","0.0","","0.0","","0","","","","",""
"-114.38","62.45","YELLOWKNIFE-HENDERSON","2204110","2018-07-25","2018","07","25","†","17.0","","10.0","","13.5","","4.5","","0.0","","0.0","","0.0","","0.0","","0","","","","",""
"-114.38","62.45","YELLOWKNIFE-HENDERSON","2204110","2018-07-26","2018","07","26","†","23.0","","6.0","","14.5","","3.5","","0.0","","0.0","","0.0","","0.0","","0","","","","",""
"-114.38","62.45","YELLOWKNIFE-HENDERSON","2204110","2018-07-27","2018","07","27","†","25.0","","7.0","","16.0","","2.0","","0.0","","0.0","","0.0","","0.0","","0","","","","",""
"-114.38","62.45","YELLOWKNIFE-HENDERSON","2204110","2018-07-28","2018","07","28","†","26.0","","8.0","","17.0","","1.0","","0.0","","0.0","","0.0","","0.0","","0","","","","",""
"-114.38","62.45","YELLOWKNIFE-HENDERSON","2204110","2018-07-29","2018","07","29","†","28.0","","10.0","","19.0","","0.0","","1.0","","0.0","","0.0","","0.0","","0","","","","",""
"-114.38","62.45","YELLOWKNIFE-HENDERSON","2204110","2018-07-30","2018","07","30","†","30.0","","13.0","","21.5","","0.0","","3.5","","1.1","","0.0","","1.1","","0","","","","",""
"-114.38","62.45","YELLOWKNIFE-HENDERSON","2204110","2018-07-31","2018","07","31","†","20.0","","15.0","","17.5","","0.5","","0.0","","0.3","","0.0","","0.3","","0","","","","",""
"-114.38","62.45","YELLOWKNIFE-HENDERSON","2204110","2018-08-01","2018","08","01","†","23.0","","4.0","","13.5","","4.5","","0.0","","0.9","","0.0","","0.9","","0","","","","",""
"-114.38","62.45","YELLOWKNIFE-HENDERSON","2204110","2018-08-02","2018","08","02","†","28.0","","11.0","","19.5","","0.0","","1.5","","0.0","","0.0","","0.0","","0","","","","",""
"-114.38","62.45","YELLOWKNIFE-HENDERSON","2204110","2018-08-03","2018","08","03","†","29.0","","12.0","","20.5","","0.0","","2.5","","0.0","","0.0","","0.0","","0","","","","",""
"-114.38","62.45","YELLOWKNIFE-HENDERSON","2204110","2018-08-04","2018","08","04","†","25.0","","12.0","","18.5","","0.0","","0.5","","2.8","","0.0","","2.8","","0","","","","",""
"-114.38","62.45","YELLOWKNIFE-HENDERSON","2204110","2018-08-05","2018","08","05","†","21.0","","14.0","","17.5","","0.5","","0.0","","0.8","","0.0","","0.8","","0","","","","",""
"-114.38","62.45","YELLOWKNIFE-HENDERSON","2204110","2018-08-06","2018","08","06","†","27.0","","7.0","","17.0","","1.0","","0.0","","0.0","","0.0","","0.0","","0","","","","",""
"-114.38","62.45","YELLOWKNIFE-HENDERSON","2204110","2018-08-07","2018","08","07","†","31.0","","12.0","","21.5","","0.0","","3.5","","0.0","","0.0","","0.0","","0","","","","",""
"-114.38","62.45","YELLOWKNIFE-HENDERSON","2204110","2018-08-08","2018","08","08","†","28.0","","12.0","","20.0","","0.0","","2.0","","0.0","","0.0","","0.0","","0","","","","",""
"-114.38","62.45","YELLOWKNIFE-HENDERSON","2204110","2018-08-09","2018","08","09","†","31.0","","12.0","","21.5","","0.0","","3.5","","0.0","","0.0","","0.0","","0","","","","",""
"-114.38","62.45","YELLOWKNIFE-HENDERSON","2204110","2018-08-10","2018","08","10","†","35.0","","16.0","","25.5","","0.0","","7.5","","0.0","","0.0","","0.0","","0","","","","",""
"-114.38","62.45","YELLOWKNIFE-HENDERSON","2204110","2018-08-11","2018","08","11","†","36.0","","15.0","","25.5","","0.0","","7.5","","0.0","","0.0","","0.0","","0","","","","",""
"-114.38","62.45","YELLOWKNIFE-HENDERSON","2204110","2018-08-12","2018","08","12","†","26.0","","16.0","","21.0","","0.0","","3.0","","0.0","","0.0","","0.0","","0","","","","",""
"-114.38","62.45","YELLOWKNIFE-HENDERSON","2204110","2018-08-13","2018","08","13","†","16.0","","11.0","","13.5","","4.5","","0.0","","0.0","","0.0","","0.0","","0","","","","",""
"-114.38","62.45","YELLOWKNIFE-HENDERSON","2204110","2018-08-14","2018","08","14","†","24.0","","3.0","","13.5","","4.5","","0.0","","0.0","","0.0","","0.0","","0","","","","",""
"-114.38","62.45","YELLOWKNIFE-HENDERSON","2204110","2018-08-15","2018","08","15","†","32.0","","9.0","","20.5","","0.0","","2.5","","0.0","","0.0","","0.0","","0","","","","",""
"-114.38","62.45","YELLOWKNIFE-HENDERSON","2204110","2018-08-16","2018","08","16","†","23.0","","12.0","","17.5","","0.5","","0.0","","0.0","","0.0","","0.0","","0","","","","",""
"-114.38","62.45","YELLOWKNIFE-HENDERSON","2204110","2018-08-17","2018","08","17","†","32.0","","11.0","","21.5","","0.0","","3.5","","0.0","","0.0","","0.0","","0","","","","",""
"-114.38","62.45","YELLOWKNIFE-HENDERSON","2204110","2018-08-18","2018","08","18","†","26.0","","11.0","","18.5","","0.0","","0.5","","0.0","","0.0","","0.0","","0","","","","",""
"-114.38","62.45","YELLOWKNIFE-HENDERSON","2204110","2018-08-19","2018","08","19","†","22.0","","6.0","","14.0","","4.0","","0.0","","0.0","","0.0","","0.0","","0","","","","",""
"-114.38","62.45","YELLOWKNIFE-HENDERSON","2204110","2018-08-20","2018","08","20","†","22.0","","4.0","","13.0","","5.0","","0.0","","0.0","","0.0","","0.0","","0","","","","",""
"-114.38","62.45","YELLOWKNIFE-HENDERSON","2204110","2018-08-21","2018","08","21","†","26.0","","5.0","","15.5","","2.5","","0.0","","0.0","","0.0","","0.0","","0","","","","",""
"-114.38","62.45","YELLOWKNIFE-HENDERSON","2204110","2018-08-22","2018","08","22","†","28.0","","11.0","","19.5","","0.0","","1.5","","0.0","","0.0","","0.0","","0","","","","",""
"-114.38","62.45","YELLOWKNIFE-HENDERSON","2204110","2018-08-23","2018","08","23","†","27.0","","8.0","","17.5","","0.5","","0.0","","0.0","","0.0","","0.0","","0","","","","",""
"-114.38","62.45","YELLOWKNIFE-HENDERSON","2204110","2018-08-24","2018","08","24","†","26.0","","5.0","","15.5","","2.5","","0.0","","0.6","","0.0","","0.6","","0","","","","",""
"-114.38","62.45","YELLOWKNIFE-HENDERSON","2204110","2018-08-25","2018","08","25","†","16.0","","10.0","","13.0","","5.0","","0.0","","0.0","","0.0","","0.0","","0","","","","",""
"-114.38","62.45","YELLOWKNIFE-HENDERSON","2204110","2018-08-26","2018","08","26","†","18.0","","1.0","","9.5","","8.5","","0.0","","0.4","","0.0","","0.4","","0","","","","",""
"-114.38","62.45","YELLOWKNIFE-HENDERSON","2204110","2018-08-27","2018","08","27","†","18.0","","7.0","","12.5","","5.5","","0.0","","2.0","","0.0","","2.0","","0","","","","",""
"-114.38","62.45","YELLOWKNIFE-HENDERSON","2204110","2018-08-28","2018","08","28","†","14.0","","9.0","","11.5","","6.5","","0.0","","0.0","","0.0","","0.0","","0","","","","",""
"-114.38","62.45","YELLOWKNIFE-HENDERSON","2204110","2018-08-29","2018","08","29","†","25.0","","2.0","","13.5","","4.5","","0.0","","0.0","","0.0","","0.0","","0","","","","",""
"-114.38","62.45","YELLOWKNIFE-HENDERSON","2204110","2018-08-30","2018","08","30","†","26.0","","8.0","","17.0","","1.0","","0.0","","0.0","","0.0","","0.0","","0","","","","",""
"-114.38","62.45","YELLOWKNIFE-HENDERSON","2204110","2018-08-31","2018","08","31","†","20.0","","6.0","","13.0","","5.0","","0.0","","0.0","","0.0","","0.0","","0","","","","",""
"-114.38","62.45","YELLOWKNIFE-HENDERSON","2204110","2018-09-01","2018","09","01","†","27.0","","5.0","","16.0","","2.0","","0.0","","0.0","T","0.0","","0.0","T","0","","","","",""
"-114.38","62.45","YELLOWKNIFE-HENDERSON","2204110","2018-09-02","2018","09","02","†","20.0","","5.0","","12.5","","5.5","","0.0","","0.0","","0.0","","0.0","","0","","","","",""
"-114.38","62.45","YELLOWKNIFE-HENDERSON","2204110","2018-09-03","2018","09","03","†","26.0","","6.0","","16.0","","2.0","","0.0","","0.0","","0.0","","0.0","","0","","","","",""
"-114.38","62.45","YELLOWKNIFE-HENDERSON","2204110","2018-09-04","2018","09","04","†","15.0","","11.0","","13.0","","5.0","","0.0","","0.0","","0.0","","0.0","","0","","","","",""
"-114.38","62.45","YELLOWKNIFE-HENDERSON","2204110","2018-09-05","2018","09","05","†","19.0","","-2.0","","8.5","","9.5","","0.0","","0.0","","0.0","","0.0","","0","","","","",""
"-114.38","62.45","YELLOWKNIFE-HENDERSON","2204110","2018-09-06","2018","09","06","†","23.0","","1.0","","12.0","","6.0","","0.0","","0.0","","0.0","","0.0","","0","","","","",""
"-114.38","62.45","YELLOWKNIFE-HENDERSON","2204110","2018-09-07","2018","09","07","†","23.0","","1.0","","12.0","","6.0","","0.0","","0.4","","0.0","","0.4","","0","","","","",""
"-114.38","62.45","YELLOWKNIFE-HENDERSON","2204110","2018-09-08","2018","09","08","†","28.0","","8.0","","18.0","","0.0","","0.0","","2.0","","0.0","","2.0","","0","","","","",""
"-114.38","62.45","YELLOWKNIFE-HENDERSON","2204110","2018-09-09","2018","09","09","†","21.0","","9.0","","15.0","","3.0","","0.0","","0.0","","0.0","","0.0","","0","","","","",""
"-114.38","62.45","YELLOWKNIFE-HENDERSON","2204110","2018-09-10","2018","09","10","†","20.0","","5.0","","12.5","","5.5","","0.0","","4.4","","0.0","","4.4","","0","","","","",""
"-114.38","62.45","YELLOWKNIFE-HENDERSON","2204110","2018-09-11","2018","09","11","†","16.0","","9.0","","12.5","","5.5","","0.0","","0.0","","0.0","","0.0","","0","","","","",""
"-114.38","62.45","YELLOWKNIFE-HENDERSON","2204110","2018-09-12","2018","09","12","†","14.0","","2.0","","8.0","","10.0","","0.0","","0.8","","0.0","","0.8","","0","","","","",""
"-114.38","62.45","YELLOWKNIFE-HENDERSON","2204110","2018-09-13","2018","09","13","†","19.0","","2.0","","10.5","","7.5","","0.0","","0.0","","0.0","","0.0","","0","","","","",""
"-114.38","62.45","YELLOWKNIFE-HENDERSON","2204110","2018-09-14","2018","09","14","†","10.0","","3.0","","6.5","","11.5","","0.0","","0.0","","0.0","","0.0","","0","","","","",""
"-114.38","62.45","YELLOWKNIFE-HENDERSON","2204110","2018-09-15","2018","09","15","†","14.0","","6.0","","10.0","","8.0","","0.0","","0.0","T","0.0","","0.0","T","0","","","","",""
"-114.38","62.45","YELLOWKNIFE-HENDERSON","2204110","2018-09-16","2018","09","16","†","9.0","","6.0","","7.5","","10.5","","0.0","","14.4","","0.0","","14.4","","0","","","","",""
"-114.38","62.45","YELLOWKNIFE-HENDERSON","2204110","2018-09-17","2018","09","17","†","11.0","","5.0","","8.0","","10.0","","0.0","","0.0","T","0.0","","0.0","T","0","","","","",""
"-114.38","62.45","YELLOWKNIFE-HENDERSON","2204110","2018-09-18","2018","09","18","†","8.0","","3.0","","5.5","","12.5","","0.0","","0.0","","0.0","","0.0","","0","","","","",""
"-114.38","62.45","YELLOWKNIFE-HENDERSON","2204110","2018-09-19","2018","09","19","†","14.0","","-2.0","","6.0","","12.0","","0.0","","0.0","","0.0","","0.0","","0","","","","",""
"-114.38","62.45","YELLOWKNIFE-HENDERSON","2204110","2018-09-20","2018","09","20","†","11.0","","-2.0","","4.5","","13.5","","0.0","","0.0","","0.0","","0.0","","0","","","","",""
"-114.38","62.45","YELLOWKNIFE-HENDERSON","2204110","2018-09-21","2018","09","21","†","7.0","","2.0","","4.5","","13.5","","0.0","","5.1","","0.0","T","5.1","","0","","","","",""
"-114.38","62.45","YELLOWKNIFE-HENDERSON","2204110","2018-09-22","2018","09","22","†","1.0","","1.0","","1.0","","17.0","","0.0","","0.0","","4.0","","4.0","","0","","","","",""
"-114.38","62.45","YELLOWKNIFE-HENDERSON","2204110","2018-09-23","2018","09","23","†","3.0","","-1.0","","1.0","","17.0","","0.0","","14.2","","0.0","","14.2","","3","","","","",""
"-114.38","62.45","YELLOWKNIFE-HENDERSON","2204110","2018-09-24","2018","09","24","†","5.0","","0.0","","2.5","","15.5","","0.0","","0.0","T","0.0","","0.0","T","0","","","","",""
"-114.38","62.45","YELLOWKNIFE-HENDERSON","2204110","2018-09-25","2018","09","25","†","11.0","","0.0","","5.5","","12.5","","0.0","","3.0","","0.0","","3.0","","0","","","","",""
"-114.38","62.45","YELLOWKNIFE-HENDERSON","2204110","2018-09-26","2018","09","26","†","17.0","","-1.0","","8.0","","10.0","","0.0","","0.0","","0.0","","0.0","","0","","","","",""
"-114.38","62.45","YELLOWKNIFE-HENDERSON","2204110","2018-09-27","2018","09","27","†","7.0","","0.0","","3.5","","14.5","","0.0","","0.4","","0.4","","0.8","","0","","","","",""
"-114.38","62.45","YELLOWKNIFE-HENDERSON","2204110","2018-09-28","2018","09","28","†","6.0","","-5.0","","0.5","","17.5","","0.0","","0.0","","0.0","","0.0","","0","T","","","",""
"-114.38","62.45","YELLOWKNIFE-HENDERSON","2204110","2018-09-29","2018","09","29","†","10.0","","-8.0","","1.0","","17.0","","0.0","","0.0","","0.0","","0.0","","0","","","","",""
"-114.38","62.45","YELLOWKNIFE-HENDERSON","2204110","2018-09-30","2018","09","30","†","4.0","","-9.0","","-2.5","","20.5","","0.0","","0.0","","0.0","","0.0","","0","","","","",""
"-114.38","62.45","YELLOWKNIFE-HENDERSON","2204110","2018-10-01","2018","10","01","†","5.0","","-6.0","","-0.5","","18.5","","0.0","","0.0","","0.8","","0.8","","0","","","","",""
"-114.38","62.45","YELLOWKNIFE-HENDERSON","2204110","2018-10-02","2018","10","02","†","-1.0","","-1.0","","-1.0","","19.0","","0.0","","0.0","","8.0","","8.0","","0","T","","","",""
"-114.38","62.45","YELLOWKNIFE-HENDERSON","2204110","2018-10-03","2018","10","03","†","4.0","","-2.0","","1.0","","17.0","","0.0","","0.0","","0.0","T","0.0","T","7","","","","",""
"-114.38","62.45","YELLOWKNIFE-HENDERSON","2204110","2018-10-04","2018","10","04","†","5.0","","-10.0","","-2.5","","20.5","","0.0","","0.0","","2.2","","2.2","","4","","","","",""
"-114.38","62.45","YELLOWKNIFE-HENDERSON","2204110","2018-10-05","2018","10","05","†","3.0","","-7.0","","-2.0","","20.0","","0.0","","0.0","","0.4","","0.4","","2","","","","",""
"-114.38","62.45","YELLOWKNIFE-HENDERSON","2204110","2018-10-06","2018","10","06","†","11.0","","-4.0","","3.5","","14.5","","0.0","","0.0","","0.0","","0.0","","0","T","","","",""
"-114.38","62.45","YELLOWKNIFE-HENDERSON","2204110","2018-10-07","2018","10","07","†","9.0","","-5.0","","2.0","","16.0","","0.0","","0.0","","0.0","","0.0","","0","","","","",""
"-114.38","62.45","YELLOWKNIFE-HENDERSON","2204110","2018-10-08","2018","10","08","†","1.0","","-8.0","","-3.5","","21.5","","0.0","","0.0","","0.0","","0.0","","0","","","","",""
"-114.38","62.45","YELLOWKNIFE-HENDERSON","2204110","2018-10-09","2018","10","09","†","3.0","","-4.0","","-0.5","","18.5","","0.0","","0.0","","0.0","","0.0","","0","","","","",""
"-114.38","62.45","YELLOWKNIFE-HENDERSON","2204110","2018-10-10","2018","10","10","†","-1.0","","-10.0","","-5.5","","23.5","","0.0","","0.0","","0.0","","0.0","","0","","","","",""
"-114.38","62.45","YELLOWKNIFE-HENDERSON","2204110","2018-10-11","2018","10","11","†","5.0","","-12.0","","-3.5","","21.5","","0.0","","0.0","","0.0","","0.0","","0","","","","",""
"-114.38","62.45","YELLOWKNIFE-HENDERSON","2204110","2018-10-12","2018","10","12","†","7.0","","-8.0","","-0.5","","18.5","","0.0","","5.0","","0.0","","5.0","","0","","","","",""
"-114.38","62.45","YELLOWKNIFE-HENDERSON","2204110","2018-10-13","2018","10","13","†","-1.0","","-5.0","","-3.0","","21.0","","0.0","","0.0","","2.0","","2.0","","0","","","","",""
"-114.38","62.45","YELLOWKNIFE-HENDERSON","2204110","2018-10-14","2018","10","14","†","0.0","","-6.0","","-3.0","","21.0","","0.0","","0.0","","0.0","","0.0","","2","","","","",""
"-114.38","62.45","YELLOWKNIFE-HENDERSON","2204110","2018-10-15","2018","10","15","†","12.0","","-9.0","","1.5","","16.5","","0.0","","0.0","","0.0","","0.0","","2","","","","",""
"-114.38","62.45","YELLOWKNIFE-HENDERSON","2204110","2018-10-16","2018","10","16","†","6.0","","-1.0","","2.5","","15.5","","0.0","","0.0","","0.0","","0.0","","0","","","","",""
"-114.38","62.45","YELLOWKNIFE-HENDERSON","2204110","2018-10-17","2018","10","17","†","17.0","","-8.0","","4.5","","13.5","","0.0","","0.0","","0.0","","0.0","","0","","","","",""
"-114.38","62.45","YELLOWKNIFE-HENDERSON","2204110","2018-10-18","2018","10","18","†","19.0","","-3.0","","8.0","","10.0","","0.0","","0.0","","0.0","","0.0","","0","","","","",""
"-114.38","62.45","YELLOWKNIFE-HENDERSON","2204110","2018-10-19","2018","10","19","†","12.0","","4.0","","8.0","","10.0","","0.0","","0.5","","0.0","","0.5","","0","","","","",""
"-114.38","62.45","YELLOWKNIFE-HENDERSON","2204110","2018-10-20","2018","10","20","†","6.0","","-10.0","","-2.0","","20.0","","0.0","","0.0","","0.0","","0.0","","0","","","","",""
"-114.38","62.45","YELLOWKNIFE-HENDERSON","2204110","2018-10-21","2018","10","21","†","15.0","","-8.0","","3.5","","14.5","","0.0","","0.0","","0.0","","0.0","","0","","","","",""
"-114.38","62.45","YELLOWKNIFE-HENDERSON","2204110","2018-10-22","2018","10","22","†","7.0","","-3.0","","2.0","","16.0","","0.0","","0.0","","0.0","","0.0","","0","","","","",""
"-114.38","62.45","YELLOWKNIFE-HENDERSON","2204110","2018-10-23","2018","10","23","†","10.0","","-9.0","","0.5","","17.5","","0.0","","0.0","","0.0","","0.0","","0","","","","",""
"-114.38","62.45","YELLOWKNIFE-HENDERSON","2204110","2018-10-24","2018","10","24","†","12.0","","-8.0","","2.0","","16.0","","0.0","","0.0","","0.0","","0.0","","0","","","","",""
"-114.38","62.45","YELLOWKNIFE-HENDERSON","2204110","2018-10-25","2018","10","25","†","13.0","","-6.0","","3.5","","14.5","","0.0","","0.0","T","0.0","","0.0","T","0","","","","",""
"-114.38","62.45","YELLOWKNIFE-HENDERSON","2204110","2018-10-26","2018","10","26","†","11.0","","-5.0","","3.0","","15.0","","0.0","","0.0","","0.0","","0.0","","0","","","","",""
"-114.38","62.45","YELLOWKNIFE-HENDERSON","2204110","2018-10-27","2018","10","27","†","11.0","","-2.0","","4.5","","13.5","","0.0","","0.0","","0.0","","0.0","","0","","","","",""
"-114.38","62.45","YELLOWKNIFE-HENDERSON","2204110","2018-10-28","2018","10","28","†","11.0","","-3.0","","4.0","","14.0","","0.0","","0.0","","0.0","","0.0","","0","","","","",""
"-114.38","62.45","YELLOWKNIFE-HENDERSON","2204110","2018-10-29","2018","10","29","†","10.0","","-3.0","","3.5","","14.5","","0.0","","0.2","","0.0","","0.2","","0","","","","",""
"-114.38","62.45","YELLOWKNIFE-HENDERSON","2204110","2018-10-30","2018","10","30","†","3.0","","-1.0","","1.0","","17.0","","0.0","","0.2","","0.0","T","0.2","","0","","","","",""
"-114.38","62.45","YELLOWKNIFE-HENDERSON","2204110","2018-10-31","2018","10","31","†","7.0","","-4.0","","1.5","","16.5","","0.0","","0.8","","0.0","T","0.8","","0","T","","","",""
"-114.38","62.45","YELLOWKNIFE-HENDERSON","2204110","2018-11-01","2018","11","01","†","6.0","","-6.0","","0.0","","18.0","","0.0","","0.4","","0.0","T","0.4","","0","","","","",""
"-114.38","62.45","YELLOWKNIFE-HENDERSON","2204110","2018-11-02","2018","11","02","†","-1.0","","-4.0","","-2.5","","20.5","","0.0","","0.0","","0.0","T","0.0","T","0","T","","","",""
"-114.38","62.45","YELLOWKNIFE-HENDERSON","2204110","2018-11-03","2018","11","03","†","2.0","","-4.0","","-1.0","","19.0","","0.0","","0.0","","0.0","T","0.0","T","0","","","","",""
"-114.38","62.45","YELLOWKNIFE-HENDERSON","2204110","2018-11-04","2018","11","04","†","4.0","","-3.0","","0.5","","17.5","","0.0","","3.0","","0.0","","3.0","","0","","","","",""
"-114.38","62.45","YELLOWKNIFE-HENDERSON","2204110","2018-11-05","2018","11","05","†","2.0","","0.0","","1.0","","17.0","","0.0","","0.4","","2.0","","2.4","","0","","","","",""
"-114.38","62.45","YELLOWKNIFE-HENDERSON","2204110","2018-11-06","2018","11","06","†","-8.0","","-8.0","","-8.0","","26.0","","0.0","","0.0","","1.0","","1.0","","2","","","","",""
"-114.38","62.45","YELLOWKNIFE-HENDERSON","2204110","2018-11-07","2018","11","07","†","-8.0","","-10.0","","-9.0","","27.0","","0.0","","0.0","","0.6","","0.6","","3","","","","",""
"-114.38","62.45","YELLOWKNIFE-HENDERSON","2204110","2018-11-08","2018","11","08","†","-10.0","","-14.0","","-12.0","","30.0","","0.0","","0.0","","0.0","T","0.0","T","4","","","","",""
"-114.38","62.45","YELLOWKNIFE-HENDERSON","2204110","2018-11-09","2018","11","09","†","-10.0","","-15.0","","-12.5","","30.5","","0.0","","0.0","","0.0","T","0.0","T","4","","","","",""
"-114.38","62.45","YELLOWKNIFE-HENDERSON","2204110","2018-11-10","2018","11","10","†","-7.0","","-15.0","","-11.0","","29.0","","0.0","","0.0","","2.6","","2.6","","4","","","","",""
"-114.38","62.45","YELLOWKNIFE-HENDERSON","2204110","2018-11-11","2018","11","11","†","-9.0","","-12.0","","-10.5","","28.5","","0.0","","0.0","","0.0","T","0.0","T","6","","","","",""
"-114.38","62.45","YELLOWKNIFE-HENDERSON","2204110","2018-11-12","2018","11","12","†","-11.0","","-19.0","","-15.0","","33.0","","0.0","","0.0","","0.0","T","0.0","T","6","","","","",""
"-114.38","62.45","YELLOWKNIFE-HENDERSON","2204110","2018-11-13","2018","11","13","†","-2.0","","-18.0","","-10.0","","28.0","","0.0","","0.0","","0.0","T","0.0","T","6","","","","",""
"-114.38","62.45","YELLOWKNIFE-HENDERSON","2204110","2018-11-14","2018","11","14","†","2.0","","-11.0","","-4.5","","22.5","","0.0","","0.0","","0.0","","0.0","","6","","","","",""
"-114.38","62.45","YELLOWKNIFE-HENDERSON","2204110","2018-11-15","2018","11","15","†","0.0","","-7.0","","-3.5","","21.5","","0.0","","0.0","","0.4","","0.4","","6","","","","",""
"-114.38","62.45","YELLOWKNIFE-HENDERSON","2204110","2018-11-16","2018","11","16","†","-13.0","","-15.0","","-14.0","","32.0","","0.0","","0.0","","0.0","T","0.0","T","6","","","","",""
"-114.38","62.45","YELLOWKNIFE-HENDERSON","2204110","2018-11-17","2018","11","17","†","-11.0","","-23.0","","-17.0","","35.0","","0.0","","0.0","","0.0","","0.0","","6","","","","",""
"-114.38","62.45","YELLOWKNIFE-HENDERSON","2204110","2018-11-18","2018","11","18","†","-11.0","","-21.0","","-16.0","","34.0","","0.0","","0.0","","0.4","","0.4","","6","","","","",""
"-114.38","62.45","YELLOWKNIFE-HENDERSON","2204110","2018-11-19","2018","11","19","†","-2.0","","-15.0","","-8.5","","26.5","","0.0","","0.0","","0.0","T","0.0","T","6","","","","",""
"-114.38","62.45","YELLOWKNIFE-HENDERSON","2204110","2018-11-20","2018","11","20","†","-5.0","","-15.0","","-10.0","","28.0","","0.0","","0.0","","1.0","","1.0","","6","","","","",""
"-114.38","62.45","YELLOWKNIFE-HENDERSON","2204110","2018-11-21","2018","11","21","†","-4.0","","-11.0","","-7.5","","25.5","","0.0","","0.0","T","1.0","","1.0","","7","","","","",""
"-114.38","62.45","YELLOWKNIFE-HENDERSON","2204110","2018-11-22","2018","11","22","†","4.0","","-12.0","","-4.0","","22.0","","0.0","","0.0","","0.0","","0.0","","8","","","","",""
"-114.38","62.45","YELLOWKNIFE-HENDERSON","2204110","2018-11-23","2018","11","23","†","2.0","","-5.0","","-1.5","","19.5","","0.0","","0.0","","0.0","","0.0","","7","","","","",""
"-114.38","62.45","YELLOWKNIFE-HENDERSON","2204110","2018-11-24","2018","11","24","†","-6.0","","-6.0","","-6.0","","24.0","","0.0","","0.0","","0.0","T","0.0","T","7","","","","",""
"-114.38","62.45","YELLOWKNIFE-HENDERSON","2204110","2018-11-25","2018","11","25","†","-12.0","","-17.0","","-14.5","","32.5","","0.0","","0.0","","0.0","","0.0","","7","","","","",""
"-114.38","62.45","YELLOWKNIFE-HENDERSON","2204110","2018-11-26","2018","11","26","†","-11.0","","-23.0","","-17.0","","35.0","","0.0","","0.0","","0.0","","0.0","","7","","","","",""
"-114.38","62.45","YELLOWKNIFE-HENDERSON","2204110","2018-11-27","2018","11","27","†","-9.0","","-22.0","","-15.5","","33.5","","0.0","","0.0","","7.0","","7.0","","7","","","","",""
"-114.38","62.45","YELLOWKNIFE-HENDERSON","2204110","2018-11-28","2018","11","28","†","-8.0","","-14.0","","-11.0","","29.0","","0.0","","0.0","","1.0","","1.0","","14","","","","",""
"-114.38","62.45","YELLOWKNIFE-HENDERSON","2204110","2018-11-29","2018","11","29","†","-5.0","","-10.0","","-7.5","","25.5","","0.0","","0.0","","0.0","","0.0","","14","","","","",""
"-114.38","62.45","YELLOWKNIFE-HENDERSON","2204110","2018-11-30","2018","11","30","†","-4.0","","-8.0","","-6.0","","24.0","","0.0","","0.0","","0.0","","0.0","","13","","","","",""
"-114.38","62.45","YELLOWKNIFE-HENDERSON","2204110","2018-12-01","2018","12","01","†","-7.0","","-8.0","","-7.5","","25.5","","0.0","","0.0","","0.0","","0.0","","13","","","","",""
"-114.38","62.45","YELLOWKNIFE-HENDERSON","2204110","2018-12-02","2018","12","02","†","-8.0","","-19.0","","-13.5","","31.5","","0.0","","0.0","","0.0","","0.0","","13","","","","",""
"-114.38","62.45","YELLOWKNIFE-HENDERSON","2204110","2018-12-03","2018","12","03","†","-5.0","","-19.0","","-12.0","","30.0","","0.0","","0.0","","0.0","","0.0","","13","","","","",""
"-114.38","62.45","YELLOWKNIFE-HENDERSON","2204110","2018-12-04","2018","12","04","†","-7.0","","-11.0","","-9.0","","27.0","","0.0","","0.0","","2.0","","2.0","","13","","","","",""
"-114.38","62.45","YELLOWKNIFE-HENDERSON","2204110","2018-12-05","2018","12","05","†","-9.0","","-12.0","","-10.5","","28.5","","0.0","","0.0","","1.0","","1.0","","15","","","","",""
"-114.38","62.45","YELLOWKNIFE-HENDERSON","2204110","2018-12-06","2018","12","06","†","-10.0","","-28.0","","-19.0","","37.0","","0.0","","0.0","","1.0","","1.0","","16","","","","",""
"-114.38","62.45","YELLOWKNIFE-HENDERSON","2204110","2018-12-07","2018","12","07","†","-10.0","","-20.0","","-15.0","","33.0","","0.0","","0.0","","0.0","","0.0","","16","","","","",""
"-114.38","62.45","YELLOWKNIFE-HENDERSON","2204110","2018-12-08","2018","12","08","†","-10.0","","-23.0","","-16.5","","34.5","","0.0","","0.0","","0.0","","0.0","","16","","","","",""
"-114.38","62.45","YELLOWKNIFE-HENDERSON","2204110","2018-12-09","2018","12","09","†","-3.0","","-23.0","","-13.0","","31.0","","0.0","","0.0","","0.0","","0.0","","16","","","","",""
"-114.38","62.45","YELLOWKNIFE-HENDERSON","2204110","2018-12-10","2018","12","10","†","-5.0","","-20.0","","-12.5","","30.5","","0.0","","0.0","","0.0","","0.0","","16","","","","",""
"-114.38","62.45","YELLOWKNIFE-HENDERSON","2204110","2018-12-11","2018","12","11","†","0.0","","-20.0","","-10.0","","28.0","","0.0","","0.0","","0.0","","0.0","","15","","","","",""
"-114.38","62.45","YELLOWKNIFE-HENDERSON","2204110","2018-12-12","2018","12","12","†","-1.0","","-11.0","","-6.0","","24.0","","0.0","","0.0","","0.0","","0.0","","15","","","","",""
"-114.38","62.45","YELLOWKNIFE-HENDERSON","2204110","2018-12-13","2018","12","13","†","-2.0","","-9.0","","-5.5","","23.5","","0.0","","0.0","","0.0","","0.0","","15","","","","",""
"-114.38","62.45","YELLOWKNIFE-HENDERSON","2204110","2018-12-14","2018","12","14","†","1.0","","-14.0","","-6.5","","24.5","","0.0","","0.0","","0.0","","0.0","","15","","","","",""
"-114.38","62.45","YELLOWKNIFE-HENDERSON","2204110","2018-12-15","2018","12","15","†","5.0","","-12.0","","-3.5","","21.5","","0.0","","0.0","","0.0","","0.0","","14","","","","",""
"-114.38","62.45","YELLOWKNIFE-HENDERSON","2204110","2018-12-16","2018","12","16","†","-9.0","","-9.0","","-9.0","","27.0","","0.0","","0.0","","0.0","","0.0","","14","","","","",""
"-114.38","62.45","YELLOWKNIFE-HENDERSON","2204110","2018-12-17","2018","12","17","†","0.0","","-15.0","","-7.5","","25.5","","0.0","","0.0","","0.0","","0.0","","14","","","","",""
"-114.38","62.45","YELLOWKNIFE-HENDERSON","2204110","2018-12-18","2018","12","18","†","3.0","","-11.0","","-4.0","","22.0","","0.0","","0.0","","0.0","","0.0","","14","","","","",""
"-114.38","62.45","YELLOWKNIFE-HENDERSON","2204110","2018-12-19","2018","12","19","†","-1.0","","-9.0","","-5.0","","23.0","","0.0","","0.0","","0.0","","0.0","","13","","","","",""
"-114.38","62.45","YELLOWKNIFE-HENDERSON","2204110","2018-12-20","2018","12","20","†","-2.0","","-13.0","","-7.5","","25.5","","0.0","","0.0","","0.0","","0.0","","13","","","","",""
"-114.38","62.45","YELLOWKNIFE-HENDERSON","2204110","2018-12-21","2018","12","21","†","0.0","","-13.0","","-6.5","","24.5","","0.0","","0.0","T","3.0","","3.0","","13","","","","",""
"-114.38","62.45","YELLOWKNIFE-HENDERSON","2204110","2018-12-22","2018","12","22","†","-5.0","","-5.0","","-5.0","","23.0","","0.0","","0.0","","1.0","","1.0","","16","","","","",""
"-114.38","62.45","YELLOWKNIFE-HENDERSON","2204110","2018-12-23","2018","12","23","†","-7.0","","-10.0","","-8.5","","26.5","","0.0","","0.0","","0.0","T","0.0","T","17","","","","",""
"-114.38","62.45","YELLOWKNIFE-HENDERSON","2204110","2018-12-24","2018","12","24","†","-10.0","","-13.0","","-11.5","","29.5","","0.0","","0.0","","2.0","","2.0","","17","","","","",""
"-114.38","62.45","YELLOWKNIFE-HENDERSON","2204110","2018-12-25","2018","12","25","†","-12.0","","-15.0","","-13.5","","31.5","","0.0","","0.0","","1.0","","1.0","","19","","","","",""
"-114.38","62.45","YELLOWKNIFE-HENDERSON","2204110","2018-12-26","2018","12","26","†","-11.0","","-14.0","","-12.5","","30.5","","0.0","","0.0","","1.0","","1.0","","19","","","","",""
"-114.38","62.45","YELLOWKNIFE-HENDERSON","2204110","2018-12-27","2018","12","27","†","-12.0","","-18.0","","-15.0","","33.0","","0.0","","0.0","","1.0","","1.0","","20","","","","",""
"-114.38","62.45","YELLOWKNIFE-HENDERSON","2204110","2018-12-28","2018","12","28","†","-9.0","","-28.0","","-18.5","","36.5","","0.0","","0.0","","0.0","T","0.0","T","20","","","","",""
"-114.38","62.45","YELLOWKNIFE-HENDERSON","2204110","2018-12-29","2018","12","29","†","-7.0","","-23.0","","-15.0","","33.0","","0.0","","0.0","","0.0","T","0.0","T","20","","","","",""
"-114.38","62.45","YELLOWKNIFE-HENDERSON","2204110","2018-12-30","2018","12","30","†","-16.0","","-16.0","","-16.0","","34.0","","0.0","","0.0","","0.0","T","0.0","T","20","","","","",""
"-114.38","62.45","YELLOWKNIFE-HENDERSON","2204110","2018-12-31","2018","12","31","†","-21.0","","-33.0","","-27.0","","45.0","","0.0","","0.0","","0.0","","0.0","","20","","","","",""
