"Longitude (x)","Latitude (y)","Station Name","Climate ID","Date/Time","Year","Month","Day","Data Quality","Max Temp (°C)","Max Temp Flag","Min Temp (°C)","Min Temp Flag","Mean Temp (°C)","Mean Temp Flag","Heat Deg Days (°C)","Heat Deg Days Flag","Cool Deg Days (°C)","Cool Deg Days Flag","Total Rain (mm)","Total Rain Flag","Total Snow (cm)","Total Snow Flag","Total Precip (mm)","Total Precip Flag","Snow on Grnd (cm)","Snow on Grnd Flag","Dir of Max Gust (10s deg)","Dir of Max Gust Flag","Spd of Max Gust (km/h)","Spd of Max Gust Flag"
"-115.02","64.39","INDIN RIVER","2202552","2002-01-01","2002","01","01","","","","","","","","","","","","","","","","","","","","","","",""
"-115.02","64.39","INDIN RIVER","2202552","2002-01-02","2002","01","02","","","","","","","","","","","","","","","","","","","","","","",""
"-115.02","64.39","INDIN RIVER","2202552","2002-01-03","2002","01","03","","","","","","","","","","","","","","","","","","","","","","",""
"-115.02","64.39","INDIN RIVER","2202552","2002-01-04","2002","01","04","","","","","","","","","","","","","","","","","","","","","","",""
"-115.02","64.39","INDIN RIVER","2202552","2002-01-05","2002","01","05","","","","","","","","","","","","","","","","","","","","","","",""
"-115.02","64.39","INDIN RIVER","2202552","2002-01-06","2002","01","06","","","","","","","","","","","","","","","","","","","","","","",""
"-115.02","64.39","INDIN RIVER","2202552","2002-01-07","2002","01","07","","","","","","","","","","","","","","","","","","","","","","",""
"-115.02","64.39","INDIN RIVER","2202552","2002-01-08","2002","01","08","","","","","","","","","","","","","","","","","","","","","","",""
"-115.02","64.39","INDIN RIVER","2202552","2002-01-09","2002","01","09","","","M","","M","","M","","M","","M","","M","","M","","M","","","","M","","M"
"-115.02","64.39","INDIN RIVER","2202552","2002-01-10","2002","01","10","","","M","","M","","M","","M","","M","","M","","M","","M","","","","M","","M"
"-115.02","64.39","INDIN RIVER","2202552","2002-01-11","2002","01","11","","","M","","M","","M","","M","","M","","M","","M","0.0","","","","","M","","M"
"-115.02","64.39","INDIN RIVER","2202552","2002-01-12","2002","01","12","","","M","","M","","M","","M","","M","","M","","M","0.0","","","","","M","","M"
"-115.02","64.39","INDIN RIVER","2202552","2002-01-13","2002","01","13","","","M","","M","","M","","M","","M","","M","","M","0.0","","","","","M","","M"
"-115.02","64.39","INDIN RIVER","2202552","2002-01-14","2002","01","14","","","M","","M","","M","","M","","M","","M","","M","0.0","","","","","M","","M"
"-115.02","64.39","INDIN RIVER","2202552","2002-01-15","2002","01","15","","","M","","M","","M","","M","","M","","M","","M","0.0","","","","","M","","M"
"-115.02","64.39","INDIN RIVER","2202552","2002-01-16","2002","01","16","","","M","","M","","M","","M","","M","","M","","M","0.0","","","","","M","","M"
"-115.02","64.39","INDIN RIVER","2202552","2002-01-17","2002","01","17","","","M","","M","","M","","M","","M","","M","","M","0.0","","","","","M","","M"
"-115.02","64.39","INDIN RIVER","2202552","2002-01-18","2002","01","18","","","M","","M","","M","","M","","M","","M","","M","0.0","","","","","M","","M"
"-115.02","64.39","INDIN RIVER","2202552","2002-01-19","2002","01","19","","","M","","M","","M","","M","","M","","M","","M","0.0","","","","","M","","M"
"-115.02","64.39","INDIN RIVER","2202552","2002-01-20","2002","01","20","","","M","","M","","M","","M","","M","","M","","M","0.0","","","","","M","","M"
"-115.02","64.39","INDIN RIVER","2202552","2002-01-21","2002","01","21","","","M","","M","","M","","M","","M","","M","","M","0.0","","","","","M","","M"
"-115.02","64.39","INDIN RIVER","2202552","2002-01-22","2002","01","22","","","M","","M","","M","","M","","M","","M","","M","0.0","","","","","M","","M"
"-115.02","64.39","INDIN RIVER","2202552","2002-01-23","2002","01","23","","","M","","M","","M","","M","","M","","M","","M","0.0","","","","","M","","M"
"-115.02","64.39","INDIN RIVER","2202552","2002-01-24","2002","01","24","","","M","","M","","M","","M","","M","","M","","M","0.0","","","","","M","","M"
"-115.02","64.39","INDIN RIVER","2202552","2002-01-25","2002","01","25","","","M","","M","","M","","M","","M","","M","","M","0.0","","","","","M","","M"
"-115.02","64.39","INDIN RIVER","2202552","2002-01-26","2002","01","26","","","M","","M","","M","","M","","M","","M","","M","0.0","","","","","M","","M"
"-115.02","64.39","INDIN RIVER","2202552","2002-01-27","2002","01","27","","","M","","M","","M","","M","","M","","M","","M","0.0","","","","","M","","M"
"-115.02","64.39","INDIN RIVER","2202552","2002-01-28","2002","01","28","","","M","","M","","M","","M","","M","","M","","M","0.0","","","","","M","","M"
"-115.02","64.39","INDIN RIVER","2202552","2002-01-29","2002","01","29","","","M","","M","","M","","M","","M","","M","","M","0.0","","","","","M","","M"
"-115.02","64.39","INDIN RIVER","2202552","2002-01-30","2002","01","30","","","M","","M","","M","","M","","M","","M","","M","0.0","","","","","M","","M"
"-115.02","64.39","INDIN RIVER","2202552","2002-01-31","2002","01","31","","","M","","M","","M","","M","","M","","M","","M","0.0","","","","","M","","M"
"-115.02","64.39","INDIN RIVER","2202552","2002-02-01","2002","02","01","","-19.6","","-20.6","","-20.1","","38.1","","0.0","","","","","","","","","","","","",""
"-115.02","64.39","INDIN RIVER","2202552","2002-02-02","2002","02","02","","-19.5","","-21.7","","-20.6","","38.6","","0.0","","","","","","","","","","","","",""
"-115.02","64.39","INDIN RIVER","2202552","2002-02-03","2002","02","03","","-21.6","","-38.0","","-29.8","","47.8","","0.0","","","","","","","","","","","","",""
"-115.02","64.39","INDIN RIVER","2202552","2002-02-04","2002","02","04","","-33.7","","-45.5","","-39.6","","57.6","","0.0","","","","","","","","","","","","",""
"-115.02","64.39","INDIN RIVER","2202552","2002-02-05","2002","02","05","","-36.8","","-46.5","","-41.7","","59.7","","0.0","","","","","","","","","","","","",""
"-115.02","64.39","INDIN RIVER","2202552","2002-02-06","2002","02","06","","-26.5","","-44.0","","-35.3","","53.3","","0.0","","","","","","","","","","","","",""
"-115.02","64.39","INDIN RIVER","2202552","2002-02-07","2002","02","07","","-35.6","","-46.2","","-40.9","","58.9","","0.0","","","","","","","","","","","","",""
"-115.02","64.39","INDIN RIVER","2202552","2002-02-08","2002","02","08","","-34.1","","-45.5","","-39.8","","57.8","","0.0","","","","","","","","","","","","",""
"-115.02","64.39","INDIN RIVER","2202552","2002-02-09","2002","02","09","","-35.9","","-47.6","","-41.8","","59.8","","0.0","","","","","","","","","","","","",""
"-115.02","64.39","INDIN RIVER","2202552","2002-02-10","2002","02","10","","-21.3","","-43.6","","-32.5","","50.5","","0.0","","","","","","","","","","","","",""
"-115.02","64.39","INDIN RIVER","2202552","2002-02-11","2002","02","11","","-22.3","","-35.6","","-29.0","","47.0","","0.0","","","","","","","","","","","","",""
"-115.02","64.39","INDIN RIVER","2202552","2002-02-12","2002","02","12","","-19.9","","-24.5","","-22.2","","40.2","","0.0","","","","","","","","","","","","",""
"-115.02","64.39","INDIN RIVER","2202552","2002-02-13","2002","02","13","","-20.6","","-31.7","","-26.2","","44.2","","0.0","","","","","","","","","","","","",""
"-115.02","64.39","INDIN RIVER","2202552","2002-02-14","2002","02","14","","-19.0","","-25.7","","-22.4","","40.4","","0.0","","","","","","","","","","","","",""
"-115.02","64.39","INDIN RIVER","2202552","2002-02-15","2002","02","15","","-21.4","","-30.5","","-26.0","","44.0","","0.0","","","","","","","","","","","","",""
"-115.02","64.39","INDIN RIVER","2202552","2002-02-16","2002","02","16","","-18.4","","-21.4","","-19.9","","37.9","","0.0","","","","","","","","","","","","",""
"-115.02","64.39","INDIN RIVER","2202552","2002-02-17","2002","02","17","","-19.5","","-28.8","","-24.2","","42.2","","0.0","","","","","","","","","","","","",""
"-115.02","64.39","INDIN RIVER","2202552","2002-02-18","2002","02","18","","-26.8","","-40.5","","-33.7","","51.7","","0.0","","","","","","","","","","","","",""
"-115.02","64.39","INDIN RIVER","2202552","2002-02-19","2002","02","19","","-18.5","","-33.7","","-26.1","","44.1","","0.0","","","","","","","","","","","","",""
"-115.02","64.39","INDIN RIVER","2202552","2002-02-20","2002","02","20","","-15.0","","-34.8","","-24.9","","42.9","","0.0","","","","","","","","","","","","",""
"-115.02","64.39","INDIN RIVER","2202552","2002-02-21","2002","02","21","","-13.3","","-18.1","","-15.7","","33.7","","0.0","","","","","","","","","","","","",""
"-115.02","64.39","INDIN RIVER","2202552","2002-02-22","2002","02","22","","-18.1","","-24.3","","-21.2","","39.2","","0.0","","","","","","","","","","","","",""
"-115.02","64.39","INDIN RIVER","2202552","2002-02-23","2002","02","23","","-20.2","","-35.9","","-28.1","","46.1","","0.0","","","","","","","","","","","","",""
"-115.02","64.39","INDIN RIVER","2202552","2002-02-24","2002","02","24","","-22.3","","-38.7","","-30.5","","48.5","","0.0","","","","","","","","","","","","",""
"-115.02","64.39","INDIN RIVER","2202552","2002-02-25","2002","02","25","","-19.7","","-35.4","","-27.6","","45.6","","0.0","","","","","","","","","","","","",""
"-115.02","64.39","INDIN RIVER","2202552","2002-02-26","2002","02","26","","-24.1","","-41.6","","-32.9","","50.9","","0.0","","","","","","","","","","","","",""
"-115.02","64.39","INDIN RIVER","2202552","2002-02-27","2002","02","27","","-26.2","","-45.6","","-35.9","","53.9","","0.0","","","","","","","","","","","","",""
"-115.02","64.39","INDIN RIVER","2202552","2002-02-28","2002","02","28","","-21.9","","-44.5","","-33.2","","51.2","","0.0","","","","","","","","","","","","",""
"-115.02","64.39","INDIN RIVER","2202552","2002-03-01","2002","03","01","","-20.4","","-38.0","","-29.2","","47.2","","0.0","","","","","","","","","","","","",""
"-115.02","64.39","INDIN RIVER","2202552","2002-03-02","2002","03","02","","-13.2","","-38.2","","-25.7","","43.7","","0.0","","","","","","","","","","","","",""
"-115.02","64.39","INDIN RIVER","2202552","2002-03-03","2002","03","03","","-11.8","","-22.9","","-17.4","","35.4","","0.0","","","","","","","","","","","","",""
"-115.02","64.39","INDIN RIVER","2202552","2002-03-04","2002","03","04","","-21.8","","-29.0","","-25.4","","43.4","","0.0","","","","","","","","","","","","",""
"-115.02","64.39","INDIN RIVER","2202552","2002-03-05","2002","03","05","","-22.5","","-28.3","","-25.4","","43.4","","0.0","","","","","","","","","","","","",""
"-115.02","64.39","INDIN RIVER","2202552","2002-03-06","2002","03","06","","-19.0","","-34.4","","-26.7","","44.7","","0.0","","","","","","","","","","","","",""
"-115.02","64.39","INDIN RIVER","2202552","2002-03-07","2002","03","07","","-19.4","","-38.4","","-28.9","","46.9","","0.0","","","","","","","","","","","","",""
"-115.02","64.39","INDIN RIVER","2202552","2002-03-08","2002","03","08","","-19.2","","-38.4","","-28.8","","46.8","","0.0","","","","","","","","","","","","",""
"-115.02","64.39","INDIN RIVER","2202552","2002-03-09","2002","03","09","","-29.7","","-42.8","","-36.3","","54.3","","0.0","","","","","","","","","","","","",""
"-115.02","64.39","INDIN RIVER","2202552","2002-03-10","2002","03","10","","-25.2","","-46.8","","-36.0","","54.0","","0.0","","","","","","","","","","","","",""
"-115.02","64.39","INDIN RIVER","2202552","2002-03-11","2002","03","11","","-20.6","","-39.6","","-30.1","","48.1","","0.0","","","","","","","","","","","","",""
"-115.02","64.39","INDIN RIVER","2202552","2002-03-12","2002","03","12","","-28.3","","-43.6","","-36.0","","54.0","","0.0","","","","","","","","","","","","",""
"-115.02","64.39","INDIN RIVER","2202552","2002-03-13","2002","03","13","","-21.1","","-43.1","","-32.1","","50.1","","0.0","","","","","","","","","","","","",""
"-115.02","64.39","INDIN RIVER","2202552","2002-03-14","2002","03","14","","-19.3","","-25.2","","-22.3","","40.3","","0.0","","","","","","","","","","","","",""
"-115.02","64.39","INDIN RIVER","2202552","2002-03-15","2002","03","15","","-23.1","","-36.0","","-29.6","","47.6","","0.0","","","","","","","","","","","","",""
"-115.02","64.39","INDIN RIVER","2202552","2002-03-16","2002","03","16","","-24.4","","-38.8","","-31.6","","49.6","","0.0","","","","","","","","","","","","",""
"-115.02","64.39","INDIN RIVER","2202552","2002-03-17","2002","03","17","","-27.3","","-42.5","","-34.9","","52.9","","0.0","","","","","","","","","","","","",""
"-115.02","64.39","INDIN RIVER","2202552","2002-03-18","2002","03","18","","-20.3","","-41.8","","-31.1","","49.1","","0.0","","","","","","","","","","","","",""
"-115.02","64.39","INDIN RIVER","2202552","2002-03-19","2002","03","19","","-20.4","","-41.1","","-30.8","","48.8","","0.0","","","","","","","","","","","","",""
"-115.02","64.39","INDIN RIVER","2202552","2002-03-20","2002","03","20","","-9.8","","-26.3","","-18.1","","36.1","","0.0","","","","","","","","","","","","",""
"-115.02","64.39","INDIN RIVER","2202552","2002-03-21","2002","03","21","","-6.6","","-26.1","","-16.4","","34.4","","0.0","","","","","","","","","","","","",""
"-115.02","64.39","INDIN RIVER","2202552","2002-03-22","2002","03","22","","-7.2","","-21.4","","-14.3","","32.3","","0.0","","","","","","","","","","","","",""
"-115.02","64.39","INDIN RIVER","2202552","2002-03-23","2002","03","23","","-7.8","","-12.2","","-10.0","","28.0","","0.0","","","","","","","","","","","","",""
"-115.02","64.39","INDIN RIVER","2202552","2002-03-24","2002","03","24","","-10.5","","-13.3","","-11.9","","29.9","","0.0","","","","","","","","","","","","",""
"-115.02","64.39","INDIN RIVER","2202552","2002-03-25","2002","03","25","","-7.3","","-16.0","","-11.7","","29.7","","0.0","","","","","","","","","","","","",""
"-115.02","64.39","INDIN RIVER","2202552","2002-03-26","2002","03","26","","-3.7","","-15.9","","-9.8","","27.8","","0.0","","","","","","","","","","","","",""
"-115.02","64.39","INDIN RIVER","2202552","2002-03-27","2002","03","27","","-8.4","","-15.0","","-11.7","","29.7","","0.0","","","","","","","","","","","","",""
"-115.02","64.39","INDIN RIVER","2202552","2002-03-28","2002","03","28","","-15.0","","-26.0","","-20.5","","38.5","","0.0","","","","","","","","","","","","",""
"-115.02","64.39","INDIN RIVER","2202552","2002-03-29","2002","03","29","","-23.8","","-37.0","","-30.4","","48.4","","0.0","","","","","","","","","","","","",""
"-115.02","64.39","INDIN RIVER","2202552","2002-03-30","2002","03","30","","-21.1","","-40.0","","-30.6","","48.6","","0.0","","","","","","","","","","","","",""
"-115.02","64.39","INDIN RIVER","2202552","2002-03-31","2002","03","31","","-20.7","","-37.1","","-28.9","","46.9","","0.0","","","","","","","","","","","","",""
"-115.02","64.39","INDIN RIVER","2202552","2002-04-01","2002","04","01","","-19.4","","-32.7","","-26.1","","44.1","","0.0","","","","","","","","","","","","",""
"-115.02","64.39","INDIN RIVER","2202552","2002-04-02","2002","04","02","","-15.4","","-30.9","","-23.2","","41.2","","0.0","","","","","","","","","","","","",""
"-115.02","64.39","INDIN RIVER","2202552","2002-04-03","2002","04","03","","-12.7","","-32.1","","-22.4","","40.4","","0.0","","","","","","","","","","","","",""
"-115.02","64.39","INDIN RIVER","2202552","2002-04-04","2002","04","04","","-14.0","","-34.0","","-24.0","","42.0","","0.0","","","","","","","","","","","","",""
"-115.02","64.39","INDIN RIVER","2202552","2002-04-05","2002","04","05","","-14.3","","-36.8","","-25.6","","43.6","","0.0","","","","","","","","","","","","",""
"-115.02","64.39","INDIN RIVER","2202552","2002-04-06","2002","04","06","","-6.6","","-22.8","","-14.7","","32.7","","0.0","","","","","","","","","","","","",""
"-115.02","64.39","INDIN RIVER","2202552","2002-04-07","2002","04","07","","-13.4","","-22.5","","-18.0","","36.0","","0.0","","","","","","","","","","","","",""
"-115.02","64.39","INDIN RIVER","2202552","2002-04-08","2002","04","08","","-18.7","","-36.2","","-27.5","","45.5","","0.0","","","","","","","","","","","","",""
"-115.02","64.39","INDIN RIVER","2202552","2002-04-09","2002","04","09","","-12.2","","-40.6","","-26.4","","44.4","","0.0","","","","","","","","","","","","",""
"-115.02","64.39","INDIN RIVER","2202552","2002-04-10","2002","04","10","","-9.0","","-30.8","","-19.9","","37.9","","0.0","","","","","","","","","","","","",""
"-115.02","64.39","INDIN RIVER","2202552","2002-04-11","2002","04","11","","-13.3","","-22.5","","-17.9","","35.9","","0.0","","","","","","","","","","","","",""
"-115.02","64.39","INDIN RIVER","2202552","2002-04-12","2002","04","12","","-10.6","","-32.0","","-21.3","","39.3","","0.0","","","","","","","","","","","","",""
"-115.02","64.39","INDIN RIVER","2202552","2002-04-13","2002","04","13","","-10.2","","-27.2","","-18.7","","36.7","","0.0","","","","","","","","","","","","",""
"-115.02","64.39","INDIN RIVER","2202552","2002-04-14","2002","04","14","","-8.3","","-32.8","","-20.6","","38.6","","0.0","","","","","","","","","","","","",""
"-115.02","64.39","INDIN RIVER","2202552","2002-04-15","2002","04","15","","-6.3","","-20.5","","-13.4","","31.4","","0.0","","","","","","","","","","","","",""
"-115.02","64.39","INDIN RIVER","2202552","2002-04-16","2002","04","16","","-3.8","","-20.4","","-12.1","","30.1","","0.0","","","","","","","","","","","","",""
"-115.02","64.39","INDIN RIVER","2202552","2002-04-17","2002","04","17","","-9.7","","-26.1","","-17.9","","35.9","","0.0","","","","","","","","","","","","",""
"-115.02","64.39","INDIN RIVER","2202552","2002-04-18","2002","04","18","","-1.8","","-29.6","","-15.7","","33.7","","0.0","","","","","","","","","","","","",""
"-115.02","64.39","INDIN RIVER","2202552","2002-04-19","2002","04","19","","4.1","","-17.9","","-6.9","","24.9","","0.0","","","","","","","","","","","","",""
"-115.02","64.39","INDIN RIVER","2202552","2002-04-20","2002","04","20","","0.7","","-16.3","","-7.8","","25.8","","0.0","","","","","","","","","","","","",""
"-115.02","64.39","INDIN RIVER","2202552","2002-04-21","2002","04","21","","-5.8","","-16.9","","-11.4","","29.4","","0.0","","","","","","","","","","","","",""
"-115.02","64.39","INDIN RIVER","2202552","2002-04-22","2002","04","22","","-14.7","","-26.0","","-20.4","","38.4","","0.0","","","","","","","","","","","","",""
"-115.02","64.39","INDIN RIVER","2202552","2002-04-23","2002","04","23","","-13.3","","-33.2","","-23.3","","41.3","","0.0","","","","","","","","","","","","",""
"-115.02","64.39","INDIN RIVER","2202552","2002-04-24","2002","04","24","","-6.0","","-33.3","","-19.7","","37.7","","0.0","","","","","","","","","","","","",""
"-115.02","64.39","INDIN RIVER","2202552","2002-04-25","2002","04","25","","-2.5","","-19.5","","-11.0","","29.0","","0.0","","","","","","","","","","","","",""
"-115.02","64.39","INDIN RIVER","2202552","2002-04-26","2002","04","26","","4.4","","-19.2","","-7.4","","25.4","","0.0","","","","","","","","","","","","",""
"-115.02","64.39","INDIN RIVER","2202552","2002-04-27","2002","04","27","","3.4","","-15.0","","-5.8","","23.8","","0.0","","","","","","","","","","","","",""
"-115.02","64.39","INDIN RIVER","2202552","2002-04-28","2002","04","28","","3.4","","-3.9","","-0.3","","18.3","","0.0","","","","","","","","","","","","",""
"-115.02","64.39","INDIN RIVER","2202552","2002-04-29","2002","04","29","","-3.9","","-15.0","","-9.5","","27.5","","0.0","","","","","","","","","","","","",""
"-115.02","64.39","INDIN RIVER","2202552","2002-04-30","2002","04","30","","-9.6","","-25.3","","-17.5","","35.5","","0.0","","","","","","","","","","","","",""
"-115.02","64.39","INDIN RIVER","2202552","2002-05-01","2002","05","01","","-8.8","","-27.5","","-18.2","","36.2","","0.0","","0.0","","0.0","","0.0","","","M","","","",""
"-115.02","64.39","INDIN RIVER","2202552","2002-05-02","2002","05","02","","-15.3","","-18.2","","-16.8","","34.8","","0.0","","0.0","","0.0","","0.0","","","M","","","",""
"-115.02","64.39","INDIN RIVER","2202552","2002-05-03","2002","05","03","","-11.7","","-16.0","","-13.9","","31.9","","0.0","","0.0","","","M","","M","","M","","","",""
"-115.02","64.39","INDIN RIVER","2202552","2002-05-04","2002","05","04","","-10.7","","-21.0","","-15.9","","33.9","","0.0","","0.0","","0.0","","0.0","","","M","","","",""
"-115.02","64.39","INDIN RIVER","2202552","2002-05-05","2002","05","05","","-7.9","","-25.2","","-16.6","","34.6","","0.0","","0.0","","0.0","","0.0","","","M","","","",""
"-115.02","64.39","INDIN RIVER","2202552","2002-05-06","2002","05","06","","-0.7","","-23.1","","-11.9","","29.9","","0.0","","0.0","","0.0","","0.0","","","M","","","",""
"-115.02","64.39","INDIN RIVER","2202552","2002-05-07","2002","05","07","","3.1","","-24.9","","-10.9","","28.9","","0.0","","0.0","","0.0","","0.0","","","M","","","",""
"-115.02","64.39","INDIN RIVER","2202552","2002-05-08","2002","05","08","","6.7","","-19.0","","-6.2","","24.2","","0.0","","0.0","","0.0","","0.0","","","M","","","",""
"-115.02","64.39","INDIN RIVER","2202552","2002-05-09","2002","05","09","","6.0","","-10.5","","-2.3","","20.3","","0.0","","0.0","","0.0","","0.0","","","M","","","",""
"-115.02","64.39","INDIN RIVER","2202552","2002-05-10","2002","05","10","","3.5","","-12.5","","-4.5","","22.5","","0.0","","0.0","","0.0","","0.0","","","M","","","",""
"-115.02","64.39","INDIN RIVER","2202552","2002-05-11","2002","05","11","","7.8","","-8.1","","-0.2","","18.2","","0.0","","0.0","","0.0","","0.0","","","M","","","",""
"-115.02","64.39","INDIN RIVER","2202552","2002-05-12","2002","05","12","","12.5","","-5.5","","3.5","","14.5","","0.0","","0.0","","0.0","","0.0","","","M","","","",""
"-115.02","64.39","INDIN RIVER","2202552","2002-05-13","2002","05","13","","3.8","","-5.1","","-0.7","","18.7","","0.0","","0.0","","0.0","","0.0","","","M","","","",""
"-115.02","64.39","INDIN RIVER","2202552","2002-05-14","2002","05","14","","3.6","","-10.2","","-3.3","","21.3","","0.0","","0.0","","0.0","","0.0","","","M","","","",""
"-115.02","64.39","INDIN RIVER","2202552","2002-05-15","2002","05","15","","5.4","","-9.6","","-2.1","","20.1","","0.0","","0.0","","0.0","","0.0","","","M","","","",""
"-115.02","64.39","INDIN RIVER","2202552","2002-05-16","2002","05","16","","10.3","","-5.4","","2.5","","15.5","","0.0","","0.0","","0.0","","0.0","","","M","","","",""
"-115.02","64.39","INDIN RIVER","2202552","2002-05-17","2002","05","17","","13.6","","-1.7","","6.0","","12.0","","0.0","","0.0","","0.0","","0.0","","","M","","","",""
"-115.02","64.39","INDIN RIVER","2202552","2002-05-18","2002","05","18","","14.4","","-2.2","","6.1","","11.9","","0.0","","1.0","","0.0","","1.0","","","M","","","",""
"-115.02","64.39","INDIN RIVER","2202552","2002-05-19","2002","05","19","","14.2","","-2.2","","6.0","","12.0","","0.0","","0.0","","0.0","","0.0","","","M","","","",""
"-115.02","64.39","INDIN RIVER","2202552","2002-05-20","2002","05","20","","5.0","","-7.0","","-1.0","","19.0","","0.0","","2.0","","0.0","","2.0","","","M","","","",""
"-115.02","64.39","INDIN RIVER","2202552","2002-05-21","2002","05","21","","0.1","","-9.2","","-4.6","","22.6","","0.0","","0.0","","0.0","","0.0","","","M","","","",""
"-115.02","64.39","INDIN RIVER","2202552","2002-05-22","2002","05","22","","3.2","","-9.5","","-3.2","","21.2","","0.0","","0.0","","0.0","","0.0","","","M","","","",""
"-115.02","64.39","INDIN RIVER","2202552","2002-05-23","2002","05","23","","9.7","","-7.2","","1.3","","16.7","","0.0","","0.0","","0.0","","0.0","","","M","","","",""
"-115.02","64.39","INDIN RIVER","2202552","2002-05-24","2002","05","24","","5.0","","-2.0","","1.5","","16.5","","0.0","","3.0","","0.0","","3.0","","","M","","","",""
"-115.02","64.39","INDIN RIVER","2202552","2002-05-25","2002","05","25","","9.9","","-2.5","","3.7","","14.3","","0.0","","0.0","","0.0","","0.0","","","M","","","",""
"-115.02","64.39","INDIN RIVER","2202552","2002-05-26","2002","05","26","","2.5","","-7.0","","-2.3","","20.3","","0.0","","1.0","","0.0","","1.0","","","M","","","",""
"-115.02","64.39","INDIN RIVER","2202552","2002-05-27","2002","05","27","","-0.3","","-8.3","","-4.3","","22.3","","0.0","","0.0","","0.0","","0.0","","","M","","","",""
"-115.02","64.39","INDIN RIVER","2202552","2002-05-28","2002","05","28","","5.2","","-8.1","","-1.5","","19.5","","0.0","","0.0","","0.0","","0.0","","","M","","","",""
"-115.02","64.39","INDIN RIVER","2202552","2002-05-29","2002","05","29","","3.2","","-1.5","","0.9","","17.1","","0.0","","0.0","","0.0","","0.0","","","M","","","",""
"-115.02","64.39","INDIN RIVER","2202552","2002-05-30","2002","05","30","","3.8","","-2.0","","0.9","","17.1","","0.0","","0.0","","0.0","","0.0","","","M","","","",""
"-115.02","64.39","INDIN RIVER","2202552","2002-05-31","2002","05","31","","9.9","","0.1","","5.0","","13.0","","0.0","","0.0","","0.0","","0.0","","0","","","","",""
"-115.02","64.39","INDIN RIVER","2202552","2002-06-01","2002","06","01","","14.1","","-3.0","","5.6","","12.4","","0.0","","","","","","","","0","","","","",""
"-115.02","64.39","INDIN RIVER","2202552","2002-06-02","2002","06","02","","18.7","","-1.0","","8.9","","9.1","","0.0","","","","","","","","0","","","","",""
"-115.02","64.39","INDIN RIVER","2202552","2002-06-03","2002","06","03","","20.2","","1.2","","10.7","","7.3","","0.0","","","","","","","","0","","","","",""
"-115.02","64.39","INDIN RIVER","2202552","2002-06-04","2002","06","04","","21.4","","5.6","","13.5","","4.5","","0.0","","","","","","","","0","","","","",""
"-115.02","64.39","INDIN RIVER","2202552","2002-06-05","2002","06","05","","16.8","","4.7","","10.8","","7.2","","0.0","","","","","","","","0","","","","",""
"-115.02","64.39","INDIN RIVER","2202552","2002-06-06","2002","06","06","","14.3","","4.4","","9.4","","8.6","","0.0","","","","","","","","0","","","","",""
"-115.02","64.39","INDIN RIVER","2202552","2002-06-07","2002","06","07","","13.8","","2.2","","8.0","","10.0","","0.0","","","","","","","","0","","","","",""
"-115.02","64.39","INDIN RIVER","2202552","2002-06-08","2002","06","08","","20.0","","0.0","","10.0","","8.0","","0.0","","","","","","","","0","","","","",""
"-115.02","64.39","INDIN RIVER","2202552","2002-06-09","2002","06","09","","20.5","","2.1","","11.3","","6.7","","0.0","","","","","","","","0","","","","",""
"-115.02","64.39","INDIN RIVER","2202552","2002-06-10","2002","06","10","","26.7","","10.9","","18.8","","0.0","","0.8","","","","","","","","0","","","","",""
"-115.02","64.39","INDIN RIVER","2202552","2002-06-11","2002","06","11","","22.0","","7.9","","15.0","","3.0","","0.0","","","","","","","","0","","","","",""
"-115.02","64.39","INDIN RIVER","2202552","2002-06-12","2002","06","12","","11.2","","3.5","","7.4","","10.6","","0.0","","","","","","","","0","","","","",""
"-115.02","64.39","INDIN RIVER","2202552","2002-06-13","2002","06","13","","16.1","","1.2","","8.7","","9.3","","0.0","","","","","","","","0","","","","",""
"-115.02","64.39","INDIN RIVER","2202552","2002-06-14","2002","06","14","","17.1","","-0.2","","8.5","","9.5","","0.0","","","","","","","","0","","","","",""
"-115.02","64.39","INDIN RIVER","2202552","2002-06-15","2002","06","15","","17.3","","3.0","","10.2","","7.8","","0.0","","","","","","","","0","","","","",""
"-115.02","64.39","INDIN RIVER","2202552","2002-06-16","2002","06","16","","13.2","","6.7","","10.0","","8.0","","0.0","","","","","","","","0","","","","",""
"-115.02","64.39","INDIN RIVER","2202552","2002-06-17","2002","06","17","","14.2","","5.9","","10.1","","7.9","","0.0","","","","","","","","0","","","","",""
"-115.02","64.39","INDIN RIVER","2202552","2002-06-18","2002","06","18","","16.6","","3.8","","10.2","","7.8","","0.0","","","","","","","","0","","","","",""
"-115.02","64.39","INDIN RIVER","2202552","2002-06-19","2002","06","19","","12.3","","3.5","","7.9","","10.1","","0.0","","","","","","","","0","","","","",""
"-115.02","64.39","INDIN RIVER","2202552","2002-06-20","2002","06","20","","7.4","","2.1","","4.8","","13.2","","0.0","","","","","","","","0","","","","",""
"-115.02","64.39","INDIN RIVER","2202552","2002-06-21","2002","06","21","","13.2","","2.5","","7.9","","10.1","","0.0","","","","","","","","0","","","","",""
"-115.02","64.39","INDIN RIVER","2202552","2002-06-22","2002","06","22","","20.7","","9.0","","14.9","","3.1","","0.0","","","","","","","","0","","","","",""
"-115.02","64.39","INDIN RIVER","2202552","2002-06-23","2002","06","23","","16.4","","6.1","","11.3","","6.7","","0.0","","","","","","","","0","","","","",""
"-115.02","64.39","INDIN RIVER","2202552","2002-06-24","2002","06","24","","23.2","","5.3","","14.3","","3.7","","0.0","","","","","","","","0","","","","",""
"-115.02","64.39","INDIN RIVER","2202552","2002-06-25","2002","06","25","","24.0","","9.4","","16.7","","1.3","","0.0","","","","","","","","0","","","","",""
"-115.02","64.39","INDIN RIVER","2202552","2002-06-26","2002","06","26","","22.4","","10.7","","16.6","","1.4","","0.0","","","","","","","","0","","","","",""
"-115.02","64.39","INDIN RIVER","2202552","2002-06-27","2002","06","27","","22.9","","10.6","","16.8","","1.2","","0.0","","","","","","","","0","","","","",""
"-115.02","64.39","INDIN RIVER","2202552","2002-06-28","2002","06","28","","24.7","","7.9","","16.3","","1.7","","0.0","","","","","","","","0","","","","",""
"-115.02","64.39","INDIN RIVER","2202552","2002-06-29","2002","06","29","","23.0","","9.7","","16.4","","1.6","","0.0","","","","","","","","0","","","","",""
"-115.02","64.39","INDIN RIVER","2202552","2002-06-30","2002","06","30","","24.3","","13.6","","19.0","","0.0","","1.0","","","","","","","","0","","","","",""
"-115.02","64.39","INDIN RIVER","2202552","2002-07-01","2002","07","01","","24.1","","8.7","","16.4","","1.6","","0.0","","0.0","","0.0","","0.0","","0","","","","",""
"-115.02","64.39","INDIN RIVER","2202552","2002-07-02","2002","07","02","","23.5","","10.1","","16.8","","1.2","","0.0","","0.0","","0.0","","0.0","","0","","","","",""
"-115.02","64.39","INDIN RIVER","2202552","2002-07-03","2002","07","03","","24.0","","13.5","","18.8","","0.0","","0.8","","0.0","","0.0","","0.0","","0","","","","",""
"-115.02","64.39","INDIN RIVER","2202552","2002-07-04","2002","07","04","","23.3","","12.1","","17.7","","0.3","","0.0","","0.0","","0.0","","0.0","","0","","","","",""
"-115.02","64.39","INDIN RIVER","2202552","2002-07-05","2002","07","05","","23.2","","8.1","","15.7","","2.3","","0.0","","0.0","","0.0","","0.0","","0","","","","",""
"-115.02","64.39","INDIN RIVER","2202552","2002-07-06","2002","07","06","","12.0","","6.4","","9.2","","8.8","","0.0","","0.0","","0.0","","0.0","","0","","","","",""
"-115.02","64.39","INDIN RIVER","2202552","2002-07-07","2002","07","07","","19.7","","3.1","","11.4","","6.6","","0.0","","0.0","","0.0","","0.0","","0","","","","",""
"-115.02","64.39","INDIN RIVER","2202552","2002-07-08","2002","07","08","","23.9","","10.8","","17.4","","0.6","","0.0","","0.0","","0.0","","0.0","","0","","","","",""
"-115.02","64.39","INDIN RIVER","2202552","2002-07-09","2002","07","09","","27.6","","12.4","","20.0","","0.0","","2.0","","0.0","","0.0","","0.0","","0","","","","",""
"-115.02","64.39","INDIN RIVER","2202552","2002-07-10","2002","07","10","","18.8","","11.7","","15.3","","2.7","","0.0","","0.0","","0.0","","0.0","","0","","","","",""
"-115.02","64.39","INDIN RIVER","2202552","2002-07-11","2002","07","11","","17.5","","9.8","","13.7","","4.3","","0.0","","0.0","","0.0","","0.0","","0","","","","",""
"-115.02","64.39","INDIN RIVER","2202552","2002-07-12","2002","07","12","","14.8","","11.4","","13.1","","4.9","","0.0","","0.0","","0.0","","0.0","","0","","","","",""
"-115.02","64.39","INDIN RIVER","2202552","2002-07-13","2002","07","13","","17.6","","8.8","","13.2","","4.8","","0.0","","0.0","","0.0","","0.0","","0","","","","",""
"-115.02","64.39","INDIN RIVER","2202552","2002-07-14","2002","07","14","","15.0","","11.2","","13.1","","4.9","","0.0","","0.0","","0.0","","0.0","","0","","","","",""
"-115.02","64.39","INDIN RIVER","2202552","2002-07-15","2002","07","15","","18.0","","9.7","","13.9","","4.1","","0.0","","0.0","","0.0","","0.0","","0","","","","",""
"-115.02","64.39","INDIN RIVER","2202552","2002-07-16","2002","07","16","","18.0","","7.1","","12.6","","5.4","","0.0","","0.0","","0.0","","0.0","","0","","","","",""
"-115.02","64.39","INDIN RIVER","2202552","2002-07-17","2002","07","17","","19.6","","9.1","","14.4","","3.6","","0.0","","0.0","","0.0","","0.0","","0","","","","",""
"-115.02","64.39","INDIN RIVER","2202552","2002-07-18","2002","07","18","","23.7","","4.9","","14.3","","3.7","","0.0","","0.0","","0.0","","0.0","","0","","","","",""
"-115.02","64.39","INDIN RIVER","2202552","2002-07-19","2002","07","19","","24.4","","7.3","","15.9","","2.1","","0.0","","0.0","","0.0","","0.0","","0","","","","",""
"-115.02","64.39","INDIN RIVER","2202552","2002-07-20","2002","07","20","","22.0","","10.3","","16.2","","1.8","","0.0","","0.0","","0.0","","0.0","","0","","","","",""
"-115.02","64.39","INDIN RIVER","2202552","2002-07-21","2002","07","21","","25.8","","6.8","","16.3","","1.7","","0.0","","0.0","","0.0","","0.0","","0","","","","",""
"-115.02","64.39","INDIN RIVER","2202552","2002-07-22","2002","07","22","","25.3","","9.1","","17.2","","0.8","","0.0","","0.0","","0.0","","0.0","","0","","","","",""
"-115.02","64.39","INDIN RIVER","2202552","2002-07-23","2002","07","23","","24.0","","13.1","","18.6","","0.0","","0.6","","0.0","","0.0","","0.0","","0","","","","",""
"-115.02","64.39","INDIN RIVER","2202552","2002-07-24","2002","07","24","","25.4","","9.6","","17.5","","0.5","","0.0","","2.0","","0.0","","2.0","","0","","","","",""
"-115.02","64.39","INDIN RIVER","2202552","2002-07-25","2002","07","25","","28.2","","15.8","","22.0","","0.0","","4.0","","0.0","","0.0","","0.0","","0","","","","",""
"-115.02","64.39","INDIN RIVER","2202552","2002-07-26","2002","07","26","","19.0","","14.6","","16.8","","1.2","","0.0","","0.0","","0.0","","0.0","","0","","","","",""
"-115.02","64.39","INDIN RIVER","2202552","2002-07-27","2002","07","27","","17.2","","11.9","","14.6","","3.4","","0.0","","0.0","","0.0","","0.0","","0","","","","",""
"-115.02","64.39","INDIN RIVER","2202552","2002-07-28","2002","07","28","","13.2","","9.9","","11.6","","6.4","","0.0","","0.0","","0.0","","0.0","","0","","","","",""
"-115.02","64.39","INDIN RIVER","2202552","2002-07-29","2002","07","29","","12.3","","9.3","","10.8","","7.2","","0.0","","0.0","","0.0","","0.0","","0","","","","",""
"-115.02","64.39","INDIN RIVER","2202552","2002-07-30","2002","07","30","","11.5","","6.8","","9.2","","8.8","","0.0","","0.0","","0.0","","0.0","","0","","","","",""
"-115.02","64.39","INDIN RIVER","2202552","2002-07-31","2002","07","31","","10.3","","3.7","","7.0","","11.0","","0.0","","0.0","","0.0","","0.0","","0","","","","",""
"-115.02","64.39","INDIN RIVER","2202552","2002-08-01","2002","08","01","","9.8","","5.1","","7.5","","10.5","","0.0","","","","","","","","0","","","","",""
"-115.02","64.39","INDIN RIVER","2202552","2002-08-02","2002","08","02","","13.0","","2.3","","7.7","","10.3","","0.0","","","","","","","","0","","","","",""
"-115.02","64.39","INDIN RIVER","2202552","2002-08-03","2002","08","03","","14.6","","0.4","","7.5","","10.5","","0.0","","","","","","","","0","","","","",""
"-115.02","64.39","INDIN RIVER","2202552","2002-08-04","2002","08","04","","17.5","","4.0","","10.8","","7.2","","0.0","","","","","","","","0","","","","",""
"-115.02","64.39","INDIN RIVER","2202552","2002-08-05","2002","08","05","","19.4","","8.2","","13.8","","4.2","","0.0","","","","","","","","0","","","","",""
"-115.02","64.39","INDIN RIVER","2202552","2002-08-06","2002","08","06","","17.2","","8.5","","12.9","","5.1","","0.0","","","","","","","","0","","","","",""
"-115.02","64.39","INDIN RIVER","2202552","2002-08-07","2002","08","07","","18.5","","5.8","","12.2","","5.8","","0.0","","","","","","","","0","","","","",""
"-115.02","64.39","INDIN RIVER","2202552","2002-08-08","2002","08","08","","24.9","","11.7","","18.3","","0.0","","0.3","","","","","","","","0","","","","",""
"-115.02","64.39","INDIN RIVER","2202552","2002-08-09","2002","08","09","","19.0","","12.8","","15.9","","2.1","","0.0","","","","","","","","0","","","","",""
"-115.02","64.39","INDIN RIVER","2202552","2002-08-10","2002","08","10","","17.3","","6.8","","12.1","","5.9","","0.0","","","","","","","","0","","","","",""
"-115.02","64.39","INDIN RIVER","2202552","2002-08-11","2002","08","11","","11.2","","6.2","","8.7","","9.3","","0.0","","","","","","","","0","","","","",""
"-115.02","64.39","INDIN RIVER","2202552","2002-08-12","2002","08","12","","19.9","","2.5","","11.2","","6.8","","0.0","","","","","","","","0","","","","",""
"-115.02","64.39","INDIN RIVER","2202552","2002-08-13","2002","08","13","","19.9","","8.2","","14.1","","3.9","","0.0","","","","","","","","0","","","","",""
"-115.02","64.39","INDIN RIVER","2202552","2002-08-14","2002","08","14","","14.5","","7.1","","10.8","","7.2","","0.0","","","","","","","","0","","","","",""
"-115.02","64.39","INDIN RIVER","2202552","2002-08-15","2002","08","15","","10.2","","4.4","","7.3","","10.7","","0.0","","","","","","","","0","","","","",""
"-115.02","64.39","INDIN RIVER","2202552","2002-08-16","2002","08","16","","12.9","","4.0","","8.5","","9.5","","0.0","","","","","","","","0","","","","",""
"-115.02","64.39","INDIN RIVER","2202552","2002-08-17","2002","08","17","","11.3","","3.0","","7.2","","10.8","","0.0","","","","","","","","0","","","","",""
"-115.02","64.39","INDIN RIVER","2202552","2002-08-18","2002","08","18","","10.8","","2.1","","6.5","","11.5","","0.0","","","","","","","","0","","","","",""
"-115.02","64.39","INDIN RIVER","2202552","2002-08-19","2002","08","19","","8.4","","1.0","","4.7","","13.3","","0.0","","","","","","","","0","","","","",""
"-115.02","64.39","INDIN RIVER","2202552","2002-08-20","2002","08","20","","12.6","","-1.4","","5.6","","12.4","","0.0","","","","","","","","0","","","","",""
"-115.02","64.39","INDIN RIVER","2202552","2002-08-21","2002","08","21","","10.9","","2.4","","6.7","","11.3","","0.0","","","","","","","","0","","","","",""
"-115.02","64.39","INDIN RIVER","2202552","2002-08-22","2002","08","22","","14.4","","8.1","","11.3","","6.7","","0.0","","","","","","","","0","","","","",""
"-115.02","64.39","INDIN RIVER","2202552","2002-08-23","2002","08","23","","18.5","","10.4","","14.5","","3.5","","0.0","","","","","","","","0","","","","",""
"-115.02","64.39","INDIN RIVER","2202552","2002-08-24","2002","08","24","","15.3","","8.6","","12.0","","6.0","","0.0","","","","","","","","0","","","","",""
"-115.02","64.39","INDIN RIVER","2202552","2002-08-25","2002","08","25","","15.9","","5.0","","10.5","","7.5","","0.0","","","","","","","","0","","","","",""
"-115.02","64.39","INDIN RIVER","2202552","2002-08-26","2002","08","26","","15.6","","10.1","","12.9","","5.1","","0.0","","","","","","","","0","","","","",""
"-115.02","64.39","INDIN RIVER","2202552","2002-08-27","2002","08","27","","16.7","","6.2","","11.5","","6.5","","0.0","","","","","","","","0","","","","",""
"-115.02","64.39","INDIN RIVER","2202552","2002-08-28","2002","08","28","","13.8","","5.5","","9.7","","8.3","","0.0","","","","","","","","0","","","","",""
"-115.02","64.39","INDIN RIVER","2202552","2002-08-29","2002","08","29","","16.1","","10.6","","13.4","","4.6","","0.0","","","","","","","","0","","","","",""
"-115.02","64.39","INDIN RIVER","2202552","2002-08-30","2002","08","30","","17.6","","6.0","","11.8","","6.2","","0.0","","","","","","","","0","","","","",""
"-115.02","64.39","INDIN RIVER","2202552","2002-08-31","2002","08","31","","17.3","","6.0","","11.7","","6.3","","0.0","","","","","","","","0","","","","",""
"-115.02","64.39","INDIN RIVER","2202552","2002-09-01","2002","09","01","","12.3","","4.3","","8.3","","9.7","","0.0","","","","","","","","0","","","","",""
"-115.02","64.39","INDIN RIVER","2202552","2002-09-02","2002","09","02","","9.9","","1.2","","5.6","","12.4","","0.0","","","","","","","","0","","","","",""
"-115.02","64.39","INDIN RIVER","2202552","2002-09-03","2002","09","03","","10.9","","-0.8","","5.1","","12.9","","0.0","","","","","","","","0","","","","",""
"-115.02","64.39","INDIN RIVER","2202552","2002-09-04","2002","09","04","","10.0","","2.0","","6.0","","12.0","","0.0","","","","","","","","0","","","","",""
"-115.02","64.39","INDIN RIVER","2202552","2002-09-05","2002","09","05","","10.2","","4.4","","7.3","","10.7","","0.0","","","","","","","","0","","","","",""
"-115.02","64.39","INDIN RIVER","2202552","2002-09-06","2002","09","06","","13.9","","3.3","","8.6","","9.4","","0.0","","","","","","","","0","","","","",""
"-115.02","64.39","INDIN RIVER","2202552","2002-09-07","2002","09","07","","17.0","","5.2","","11.1","","6.9","","0.0","","","","","","","","0","","","","",""
"-115.02","64.39","INDIN RIVER","2202552","2002-09-08","2002","09","08","","19.8","","1.0","","10.4","","7.6","","0.0","","","","","","","","0","","","","",""
"-115.02","64.39","INDIN RIVER","2202552","2002-09-09","2002","09","09","","18.0","","4.1","","11.1","","6.9","","0.0","","","","","","","","0","","","","",""
"-115.02","64.39","INDIN RIVER","2202552","2002-09-10","2002","09","10","","15.2","","5.9","","10.6","","7.4","","0.0","","","","","","","","0","","","","",""
"-115.02","64.39","INDIN RIVER","2202552","2002-09-11","2002","09","11","","11.5","","7.2","","9.4","","8.6","","0.0","","","","","","","","0","","","","",""
"-115.02","64.39","INDIN RIVER","2202552","2002-09-12","2002","09","12","","10.0","","6.7","","8.4","","9.6","","0.0","","","","","","","","0","","","","",""
"-115.02","64.39","INDIN RIVER","2202552","2002-09-13","2002","09","13","","11.6","","3.0","","7.3","","10.7","","0.0","","","","","","","","0","","","","",""
"-115.02","64.39","INDIN RIVER","2202552","2002-09-14","2002","09","14","","13.8","","-0.1","","6.9","","11.1","","0.0","","","","","","","","0","","","","",""
"-115.02","64.39","INDIN RIVER","2202552","2002-09-15","2002","09","15","","11.4","","6.1","","8.8","","9.2","","0.0","","","","","","","","0","","","","",""
"-115.02","64.39","INDIN RIVER","2202552","2002-09-16","2002","09","16","","12.9","","7.4","","10.2","","7.8","","0.0","","","","","","","","0","","","","",""
"-115.02","64.39","INDIN RIVER","2202552","2002-09-17","2002","09","17","","11.2","","8.5","","9.9","","8.1","","0.0","","","","","","","","0","","","","",""
"-115.02","64.39","INDIN RIVER","2202552","2002-09-18","2002","09","18","","14.0","","7.9","","11.0","","7.0","","0.0","","","","","","","","0","","","","",""
"-115.02","64.39","INDIN RIVER","2202552","2002-09-19","2002","09","19","","10.5","","7.3","","8.9","","9.1","","0.0","","","","","","","","0","","","","",""
"-115.02","64.39","INDIN RIVER","2202552","2002-09-20","2002","09","20","","7.8","","2.3","","5.1","","12.9","","0.0","","","","","","","","0","","","","",""
"-115.02","64.39","INDIN RIVER","2202552","2002-09-21","2002","09","21","","2.7","","-0.8","","1.0","","17.0","","0.0","","","","","","","","0","","","","",""
"-115.02","64.39","INDIN RIVER","2202552","2002-09-22","2002","09","22","","4.6","","-2.6","","1.0","","17.0","","0.0","","","","","","","","0","","","","",""
"-115.02","64.39","INDIN RIVER","2202552","2002-09-23","2002","09","23","","1.8","","-2.7","","-0.5","","18.5","","0.0","","","","","","","","0","","","","",""
"-115.02","64.39","INDIN RIVER","2202552","2002-09-24","2002","09","24","","-0.2","","-3.4","","-1.8","","19.8","","0.0","","","","","","","","0","","","","",""
"-115.02","64.39","INDIN RIVER","2202552","2002-09-25","2002","09","25","","1.8","","-1.4","","0.2","","17.8","","0.0","","","","","","","","0","","","","",""
"-115.02","64.39","INDIN RIVER","2202552","2002-09-26","2002","09","26","","3.0","","-0.2","","1.4","","16.6","","0.0","","","","","","","","0","","","","",""
"-115.02","64.39","INDIN RIVER","2202552","2002-09-27","2002","09","27","","3.7","","-0.1","","1.8","","16.2","","0.0","","","","","","","","0","","","","",""
"-115.02","64.39","INDIN RIVER","2202552","2002-09-28","2002","09","28","","2.5","","0.7","","1.6","","16.4","","0.0","","","","","","","","0","","","","",""
"-115.02","64.39","INDIN RIVER","2202552","2002-09-29","2002","09","29","","1.6","","-1.1","","0.3","","17.7","","0.0","","","","","","","","0","","","","",""
"-115.02","64.39","INDIN RIVER","2202552","2002-09-30","2002","09","30","","-0.8","","-3.5","","-2.2","","20.2","","0.0","","","","","","","","0","","","","",""
"-115.02","64.39","INDIN RIVER","2202552","2002-10-01","2002","10","01","","2.1","","-1.4","","0.4","","17.6","","0.0","","","","","","","","","","","","",""
"-115.02","64.39","INDIN RIVER","2202552","2002-10-02","2002","10","02","","4.0","","-1.4","","1.3","","16.7","","0.0","","","","","","","","","","","","",""
"-115.02","64.39","INDIN RIVER","2202552","2002-10-03","2002","10","03","","-1.4","","-5.5","","-3.5","","21.5","","0.0","","","","","","","","","","","","",""
"-115.02","64.39","INDIN RIVER","2202552","2002-10-04","2002","10","04","","0.7","","-3.1","","-1.2","","19.2","","0.0","","","","","","","","","","","","",""
"-115.02","64.39","INDIN RIVER","2202552","2002-10-05","2002","10","05","","2.0","","-6.5","","-2.3","","20.3","","0.0","","","","","","","","","","","","",""
"-115.02","64.39","INDIN RIVER","2202552","2002-10-06","2002","10","06","","1.5","","-4.5","","-1.5","","19.5","","0.0","","","","","","","","","","","","",""
"-115.02","64.39","INDIN RIVER","2202552","2002-10-07","2002","10","07","","4.7","","-6.3","","-0.8","","18.8","","0.0","","","","","","","","","","","","",""
"-115.02","64.39","INDIN RIVER","2202552","2002-10-08","2002","10","08","","5.5","","-1.4","","2.1","","15.9","","0.0","","","","","","","","","","","","",""
"-115.02","64.39","INDIN RIVER","2202552","2002-10-09","2002","10","09","","1.0","","-3.0","","-1.0","","19.0","","0.0","","","","","","","","","","","","",""
"-115.02","64.39","INDIN RIVER","2202552","2002-10-10","2002","10","10","","-2.0","","-6.6","","-4.3","","22.3","","0.0","","","","","","","","","","","","",""
"-115.02","64.39","INDIN RIVER","2202552","2002-10-11","2002","10","11","","-5.8","","-12.6","","-9.2","","27.2","","0.0","","","","","","","","","","","","",""
"-115.02","64.39","INDIN RIVER","2202552","2002-10-12","2002","10","12","","-5.4","","-15.4","","-10.4","","28.4","","0.0","","","","","","","","","","","","",""
"-115.02","64.39","INDIN RIVER","2202552","2002-10-13","2002","10","13","","-4.0","","-12.9","","-8.5","","26.5","","0.0","","","","","","","","","","","","",""
"-115.02","64.39","INDIN RIVER","2202552","2002-10-14","2002","10","14","","-7.8","","-14.2","","-11.0","","29.0","","0.0","","","","","","","","","","","","",""
"-115.02","64.39","INDIN RIVER","2202552","2002-10-15","2002","10","15","","-6.5","","-9.4","","-8.0","","26.0","","0.0","","","","","","","","","","","","",""
"-115.02","64.39","INDIN RIVER","2202552","2002-10-16","2002","10","16","","-6.3","","-7.9","","-7.1","","25.1","","0.0","","","","","","","","","","","","",""
"-115.02","64.39","INDIN RIVER","2202552","2002-10-17","2002","10","17","","-7.2","","-9.4","","-8.3","","26.3","","0.0","","","","","","","","","","","","",""
"-115.02","64.39","INDIN RIVER","2202552","2002-10-18","2002","10","18","","-7.8","","-13.5","","-10.7","","28.7","","0.0","","","","","","","","","","","","",""
"-115.02","64.39","INDIN RIVER","2202552","2002-10-19","2002","10","19","","-2.8","","-15.3","","-9.1","","27.1","","0.0","","","","","","","","","","","","",""
"-115.02","64.39","INDIN RIVER","2202552","2002-10-20","2002","10","20","","-0.2","","-6.1","","-3.2","","21.2","","0.0","","","","","","","","","","","","",""
"-115.02","64.39","INDIN RIVER","2202552","2002-10-21","2002","10","21","","0.7","","-3.1","","-1.2","","19.2","","0.0","","","","","","","","","","","","",""
"-115.02","64.39","INDIN RIVER","2202552","2002-10-22","2002","10","22","","0.8","","-1.8","","-0.5","","18.5","","0.0","","","","","","","","","","","","",""
"-115.02","64.39","INDIN RIVER","2202552","2002-10-23","2002","10","23","","0.3","","-2.8","","-1.3","","19.3","","0.0","","","","","","","","","","","","",""
"-115.02","64.39","INDIN RIVER","2202552","2002-10-24","2002","10","24","","-2.0","","-11.9","","-7.0","","25.0","","0.0","","","","","","","","","","","","",""
"-115.02","64.39","INDIN RIVER","2202552","2002-10-25","2002","10","25","","-5.5","","-15.6","","-10.6","","28.6","","0.0","","","","","","","","","","","","",""
"-115.02","64.39","INDIN RIVER","2202552","2002-10-26","2002","10","26","","-4.4","","-7.2","","-5.8","","23.8","","0.0","","","","","","","","","","","","",""
"-115.02","64.39","INDIN RIVER","2202552","2002-10-27","2002","10","27","","-5.2","","-10.5","","-7.9","","25.9","","0.0","","","","","","","","","","","","",""
"-115.02","64.39","INDIN RIVER","2202552","2002-10-28","2002","10","28","","-6.8","","-11.8","","-9.3","","27.3","","0.0","","","","","","","","","","","","",""
"-115.02","64.39","INDIN RIVER","2202552","2002-10-29","2002","10","29","","-6.8","","-19.9","","-13.4","","31.4","","0.0","","","","","","","","","","","","",""
"-115.02","64.39","INDIN RIVER","2202552","2002-10-30","2002","10","30","","-4.4","","-13.9","","-9.2","","27.2","","0.0","","","","","","","","","","","","",""
"-115.02","64.39","INDIN RIVER","2202552","2002-10-31","2002","10","31","","-1.7","","-6.8","","-4.3","","22.3","","0.0","","","","","","","","","","","","",""
"-115.02","64.39","INDIN RIVER","2202552","2002-11-01","2002","11","01","","-3.1","","-8.8","","-6.0","","24.0","","0.0","","","","","","","","","","","","",""
"-115.02","64.39","INDIN RIVER","2202552","2002-11-02","2002","11","02","","-2.6","","-7.5","","-5.1","","23.1","","0.0","","","","","","","","","","","","",""
"-115.02","64.39","INDIN RIVER","2202552","2002-11-03","2002","11","03","","-2.8","","-8.8","","-5.8","","23.8","","0.0","","","","","","","","","","","","",""
"-115.02","64.39","INDIN RIVER","2202552","2002-11-04","2002","11","04","","-5.6","","-21.2","","-13.4","","31.4","","0.0","","","","","","","","","","","","",""
"-115.02","64.39","INDIN RIVER","2202552","2002-11-05","2002","11","05","","-16.5","","-29.8","","-23.2","","41.2","","0.0","","","","","","","","","","","","",""
"-115.02","64.39","INDIN RIVER","2202552","2002-11-06","2002","11","06","","-18.5","","-29.9","","-24.2","","42.2","","0.0","","","","","","","","","","","","",""
"-115.02","64.39","INDIN RIVER","2202552","2002-11-07","2002","11","07","","-18.2","","-31.5","","-24.9","","42.9","","0.0","","","","","","","","","","","","",""
"-115.02","64.39","INDIN RIVER","2202552","2002-11-08","2002","11","08","","-14.5","","-23.2","","-18.9","","36.9","","0.0","","","","","","","","","","","","",""
"-115.02","64.39","INDIN RIVER","2202552","2002-11-09","2002","11","09","","-11.7","","-23.6","","-17.7","","35.7","","0.0","","","","","","","","","","","","",""
"-115.02","64.39","INDIN RIVER","2202552","2002-11-10","2002","11","10","","-12.2","","-21.5","","-16.9","","34.9","","0.0","","","","","","","","","","","","",""
"-115.02","64.39","INDIN RIVER","2202552","2002-11-11","2002","11","11","","-16.8","","-25.0","","-20.9","","38.9","","0.0","","","","","","","","","","","","",""
"-115.02","64.39","INDIN RIVER","2202552","2002-11-12","2002","11","12","","-20.9","","-29.4","","-25.2","","43.2","","0.0","","","","","","","","","","","","",""
"-115.02","64.39","INDIN RIVER","2202552","2002-11-13","2002","11","13","","-17.4","","-28.4","","-22.9","","40.9","","0.0","","","","","","","","","","","","",""
"-115.02","64.39","INDIN RIVER","2202552","2002-11-14","2002","11","14","","-9.6","","-17.4","","-13.5","","31.5","","0.0","","","","","","","","","","","","",""
"-115.02","64.39","INDIN RIVER","2202552","2002-11-15","2002","11","15","","-8.7","","-9.7","","-9.2","","27.2","","0.0","","","","","","","","","","","","",""
"-115.02","64.39","INDIN RIVER","2202552","2002-11-16","2002","11","16","","-7.3","","-9.0","","-8.2","","26.2","","0.0","","","","","","","","","","","","",""
"-115.02","64.39","INDIN RIVER","2202552","2002-11-17","2002","11","17","","-8.7","","-14.9","","-11.8","","29.8","","0.0","","","","","","","","","","","","",""
"-115.02","64.39","INDIN RIVER","2202552","2002-11-18","2002","11","18","","-7.6","","-19.8","","-13.7","","31.7","","0.0","","","","","","","","","","","","",""
"-115.02","64.39","INDIN RIVER","2202552","2002-11-19","2002","11","19","","-8.3","","-12.0","","-10.2","","28.2","","0.0","","","","","","","","","","","","",""
"-115.02","64.39","INDIN RIVER","2202552","2002-11-20","2002","11","20","","-7.9","","-11.3","","-9.6","","27.6","","0.0","","","","","","","","","","","","",""
"-115.02","64.39","INDIN RIVER","2202552","2002-11-21","2002","11","21","","-8.6","","-11.6","","-10.1","","28.1","","0.0","","","","","","","","","","","","",""
"-115.02","64.39","INDIN RIVER","2202552","2002-11-22","2002","11","22","","-11.6","","-25.0","","-18.3","","36.3","","0.0","","","","","","","","","","","","",""
"-115.02","64.39","INDIN RIVER","2202552","2002-11-23","2002","11","23","","-7.5","","-19.3","","-13.4","","31.4","","0.0","","","","","","","","","","","","",""
"-115.02","64.39","INDIN RIVER","2202552","2002-11-24","2002","11","24","","-13.9","","-25.8","","-19.9","","37.9","","0.0","","","","","","","","","","","","",""
"-115.02","64.39","INDIN RIVER","2202552","2002-11-25","2002","11","25","","-12.1","","-19.8","","-16.0","","34.0","","0.0","","","","","","","","","","","","",""
"-115.02","64.39","INDIN RIVER","2202552","2002-11-26","2002","11","26","","-12.1","","-18.1","","-15.1","","33.1","","0.0","","","","","","","","","","","","",""
"-115.02","64.39","INDIN RIVER","2202552","2002-11-27","2002","11","27","","-3.9","","-13.1","","-8.5","","26.5","","0.0","","","","","","","","","","","","",""
"-115.02","64.39","INDIN RIVER","2202552","2002-11-28","2002","11","28","","-2.3","","-22.1","","-12.2","","30.2","","0.0","","","","","","","","","","","","",""
"-115.02","64.39","INDIN RIVER","2202552","2002-11-29","2002","11","29","","-4.4","","-18.5","","-11.5","","29.5","","0.0","","","","","","","","","","","","",""
"-115.02","64.39","INDIN RIVER","2202552","2002-11-30","2002","11","30","","-9.1","","-14.8","","-12.0","","30.0","","0.0","","","","","","","","","","","","",""
"-115.02","64.39","INDIN RIVER","2202552","2002-12-01","2002","12","01","","-13.3","","-32.9","","-23.1","","41.1","","0.0","","","","","","","","","","","","",""
"-115.02","64.39","INDIN RIVER","2202552","2002-12-02","2002","12","02","","-12.1","","-34.5","","-23.3","","41.3","","0.0","","","","","","","","","","","","",""
"-115.02","64.39","INDIN RIVER","2202552","2002-12-03","2002","12","03","","-8.3","","-12.1","","-10.2","","28.2","","0.0","","","","","","","","","","","","",""
"-115.02","64.39","INDIN RIVER","2202552","2002-12-04","2002","12","04","","-11.8","","-17.6","","-14.7","","32.7","","0.0","","","","","","","","","","","","",""
"-115.02","64.39","INDIN RIVER","2202552","2002-12-05","2002","12","05","","-10.7","","-17.6","","-14.2","","32.2","","0.0","","","","","","","","","","","","",""
"-115.02","64.39","INDIN RIVER","2202552","2002-12-06","2002","12","06","","-15.2","","-28.2","","-21.7","","39.7","","0.0","","","","","","","","","","","","",""
"-115.02","64.39","INDIN RIVER","2202552","2002-12-07","2002","12","07","","-14.7","","-29.1","","-21.9","","39.9","","0.0","","","","","","","","","","","","",""
"-115.02","64.39","INDIN RIVER","2202552","2002-12-08","2002","12","08","","-9.3","","-14.7","","-12.0","","30.0","","0.0","","","","","","","","","","","","",""
"-115.02","64.39","INDIN RIVER","2202552","2002-12-09","2002","12","09","","-9.0","","-11.7","","-10.4","","28.4","","0.0","","","","","","","","","","","","",""
"-115.02","64.39","INDIN RIVER","2202552","2002-12-10","2002","12","10","","-10.0","","-24.9","","-17.5","","35.5","","0.0","","","","","","","","","","","","",""
"-115.02","64.39","INDIN RIVER","2202552","2002-12-11","2002","12","11","","-23.0","","-33.0","","-28.0","","46.0","","0.0","","","","","","","","","","","","",""
"-115.02","64.39","INDIN RIVER","2202552","2002-12-12","2002","12","12","","-11.8","","-33.1","","-22.5","","40.5","","0.0","","","","","","","","","","","","",""
"-115.02","64.39","INDIN RIVER","2202552","2002-12-13","2002","12","13","","-3.3","","-11.8","","-7.6","","25.6","","0.0","","","","","","","","","","","","",""
"-115.02","64.39","INDIN RIVER","2202552","2002-12-14","2002","12","14","","-3.9","","-13.1","","-8.5","","26.5","","0.0","","","","","","","","","","","","",""
"-115.02","64.39","INDIN RIVER","2202552","2002-12-15","2002","12","15","","-3.3","","-15.4","","-9.4","","27.4","","0.0","","","","","","","","","","","","",""
"-115.02","64.39","INDIN RIVER","2202552","2002-12-16","2002","12","16","","-4.0","","-6.6","","-5.3","","23.3","","0.0","","","","","","","","","","","","",""
"-115.02","64.39","INDIN RIVER","2202552","2002-12-17","2002","12","17","","-4.7","","-9.0","","-6.9","","24.9","","0.0","","","","","","","","","","","","",""
"-115.02","64.39","INDIN RIVER","2202552","2002-12-18","2002","12","18","","-2.8","","-9.2","","-6.0","","24.0","","0.0","","","","","","","","","","","","",""
"-115.02","64.39","INDIN RIVER","2202552","2002-12-19","2002","12","19","","-8.8","","-18.6","","-13.7","","31.7","","0.0","","","","","","","","","","","","",""
"-115.02","64.39","INDIN RIVER","2202552","2002-12-20","2002","12","20","","-17.9","","-29.6","","-23.8","","41.8","","0.0","","","","","","","","","","","","",""
"-115.02","64.39","INDIN RIVER","2202552","2002-12-21","2002","12","21","","-11.7","","-19.4","","-15.6","","33.6","","0.0","","","","","","","","","","","","",""
"-115.02","64.39","INDIN RIVER","2202552","2002-12-22","2002","12","22","","-15.9","","-27.6","","-21.8","","39.8","","0.0","","","","","","","","","","","","",""
"-115.02","64.39","INDIN RIVER","2202552","2002-12-23","2002","12","23","","-12.0","","-29.6","","-20.8","","38.8","","0.0","","","","","","","","","","","","",""
"-115.02","64.39","INDIN RIVER","2202552","2002-12-24","2002","12","24","","-12.0","","-16.4","","-14.2","","32.2","","0.0","","","","","","","","","","","","",""
"-115.02","64.39","INDIN RIVER","2202552","2002-12-25","2002","12","25","","-14.1","","-16.8","","-15.5","","33.5","","0.0","","","","","","","","","","","","",""
"-115.02","64.39","INDIN RIVER","2202552","2002-12-26","2002","12","26","","-14.3","","-15.6","","-15.0","","33.0","","0.0","","","","","","","","","","","","",""
"-115.02","64.39","INDIN RIVER","2202552","2002-12-27","2002","12","27","","-15.6","","-23.5","","-19.6","","37.6","","0.0","","","","","","","","","","","","",""
"-115.02","64.39","INDIN RIVER","2202552","2002-12-28","2002","12","28","","-23.4","","-40.4","","-31.9","","49.9","","0.0","","","","","","","","","","","","",""
"-115.02","64.39","INDIN RIVER","2202552","2002-12-29","2002","12","29","","-24.7","","-36.5","","-30.6","","48.6","","0.0","","","","","","","","","","","","",""
"-115.02","64.39","INDIN RIVER","2202552","2002-12-30","2002","12","30","","-16.8","","-24.7","","-20.8","","38.8","","0.0","","","","","","","","","","","","",""
"-115.02","64.39","INDIN RIVER","2202552","2002-12-31","2002","12","31","","-14.2","","-16.8","","-15.5","","33.5","","0.0","","","","","","","","","","","","",""
